2025-04-20 15:22:27,799:INFO: Training begin
2025-04-20 15:45:33,376:INFO: Training begin
2025-04-20 16:11:42,523:INFO: Training begin
2025-04-20 16:36:56,315:INFO: Training begin
2025-04-20 16:43:58,145:INFO: Training begin
2025-04-20 16:53:59,919:INFO: Training begin
2025-04-20 16:57:22,394:INFO: Training begin
2025-04-20 16:57:54,838:INFO: Training begin
2025-04-20 16:59:10,992:INFO: Training begin
2025-04-20 17:37:19,545:INFO: Training begin
2025-04-20 17:40:15,237:INFO: Training begin
2025-04-20 17:44:16,281:INFO: Training begin
2025-04-20 17:54:13,337:INFO: Training begin
2025-04-20 18:04:53,880:INFO: Training begin
2025-04-20 18:08:05,639:INFO: Training begin
2025-04-20 19:02:28,347:INFO: Training begin
2025-04-20 19:12:42,886:INFO: Training begin
2025-04-20 20:05:29,110:INFO: Training begin
2025-04-20 20:11:27,699:INFO: Training begin
2025-04-20 20:12:39,788:INFO: Training begin
2025-04-20 20:13:30,661:INFO: Training begin
2025-04-20 21:51:52,333:INFO: Training begin
2025-04-20 21:56:03,516:INFO: Training begin
2025-04-20 22:17:55,199:INFO: Training begin
2025-04-20 22:27:10,895:INFO: Training begin
2025-04-20 22:31:01,270:INFO: Training begin
2025-04-20 22:31:10,084:INFO: 0/260 (epoch 0), train_loss = 3.469119071960, time/batch = 8.814153194427
2025-04-20 23:09:27,456:INFO: Training begin
2025-04-20 23:15:42,129:INFO: Training begin
2025-04-20 23:15:47,615:INFO: 0/260 (epoch 0), train_loss = 3.147367954254, time/batch = 5.485992908478
2025-04-20 23:15:51,085:INFO: 1/260 (epoch 0), train_loss = 3.460495948792, time/batch = 3.469722509384
2025-04-20 23:15:57,260:INFO: 2/260 (epoch 0), train_loss = 3.485008478165, time/batch = 6.174932241440
2025-04-20 23:22:03,396:INFO: Training begin
2025-04-20 23:22:05,646:INFO: 0/260 (epoch 0), train_loss = 3.398240566254, time/batch = 2.249922990799
2025-04-20 23:22:11,429:INFO: 1/260 (epoch 0), train_loss = 3.524659633636, time/batch = 5.782821893692
2025-04-20 23:22:14,461:INFO: 2/260 (epoch 0), train_loss = 3.451015472412, time/batch = 3.031846761703
2025-04-20 23:22:17,978:INFO: 3/260 (epoch 0), train_loss = 3.584505081177, time/batch = 3.517120838165
2025-04-20 23:22:26,420:INFO: 4/260 (epoch 0), train_loss = 3.720732450485, time/batch = 8.441762208939
2025-04-20 23:22:29,733:INFO: 5/260 (epoch 0), train_loss = 3.426286697388, time/batch = 3.313788175583
2025-04-20 23:22:34,640:INFO: 6/260 (epoch 0), train_loss = 3.159563302994, time/batch = 4.906948089600
2025-04-20 23:22:41,628:INFO: 7/260 (epoch 0), train_loss = 3.491360187531, time/batch = 6.988106489182
2025-04-20 23:22:49,663:INFO: 8/260 (epoch 0), train_loss = 3.714010000229, time/batch = 8.034530639648
2025-04-20 23:22:50,898:INFO: 9/260 (epoch 0), train_loss = 3.568511009216, time/batch = 1.234886646271
2025-04-20 23:22:58,714:INFO: 10/260 (epoch 0), train_loss = 3.442991971970, time/batch = 7.816084384918
2025-04-20 23:23:03,012:INFO: 11/260 (epoch 0), train_loss = 3.725634574890, time/batch = 4.298184871674
2025-04-20 23:23:06,607:INFO: 12/260 (epoch 0), train_loss = 3.580989837646, time/batch = 3.594757795334
2025-04-20 23:23:07,060:INFO: 13/260 (epoch 0), train_loss = 3.597532510757, time/batch = 0.453145503998
2025-04-20 23:23:12,984:INFO: 14/260 (epoch 0), train_loss = 3.297230243683, time/batch = 5.924166917801
2025-04-20 23:23:16,220:INFO: 15/260 (epoch 0), train_loss = 3.643875122070, time/batch = 3.235415697098
2025-04-20 23:23:19,705:INFO: 16/260 (epoch 0), train_loss = 3.602244853973, time/batch = 3.485439300537
2025-04-20 23:23:27,521:INFO: 17/260 (epoch 0), train_loss = 4.021059989929, time/batch = 7.815760374069
2025-04-20 23:23:31,115:INFO: 18/260 (epoch 0), train_loss = 3.515337705612, time/batch = 3.594182968140
2025-04-20 23:23:36,086:INFO: 19/260 (epoch 0), train_loss = 3.419544696808, time/batch = 4.970678806305
2025-04-20 23:23:43,119:INFO: 20/260 (epoch 0), train_loss = 3.232134342194, time/batch = 7.032924413681
2025-04-20 23:23:51,923:INFO: 21/260 (epoch 0), train_loss = 3.396184921265, time/batch = 8.804785251617
2025-04-20 23:23:53,002:INFO: 22/260 (epoch 0), train_loss = 3.584672927856, time/batch = 1.078618526459
2025-04-20 23:24:00,803:INFO: 23/260 (epoch 0), train_loss = 3.383709669113, time/batch = 7.800638675690
2025-04-20 23:24:05,038:INFO: 24/260 (epoch 0), train_loss = 3.826025724411, time/batch = 4.235485076904
2025-04-20 23:24:08,711:INFO: 25/260 (epoch 0), train_loss = 3.318852186203, time/batch = 3.673133611679
2025-04-20 23:24:09,164:INFO: 26/260 (epoch 1), train_loss = 3.720179557800, time/batch = 0.453149318695
2025-04-20 23:24:14,980:INFO: 27/260 (epoch 1), train_loss = 3.487056970596, time/batch = 5.815068006516
2025-04-20 23:24:18,169:INFO: 28/260 (epoch 1), train_loss = 3.362021207809, time/batch = 3.189019441605
2025-04-20 23:24:21,669:INFO: 29/260 (epoch 1), train_loss = 3.379715204239, time/batch = 3.500647783279
2025-04-20 23:24:30,043:INFO: 30/260 (epoch 1), train_loss = 3.680472850800, time/batch = 8.374329090118
2025-04-20 23:24:33,502:INFO: 31/260 (epoch 1), train_loss = 3.611576795578, time/batch = 3.458331584930
2025-04-20 23:24:38,494:INFO: 32/260 (epoch 1), train_loss = 3.337125062943, time/batch = 4.991958856583
2025-04-20 23:24:45,618:INFO: 33/260 (epoch 1), train_loss = 3.421911478043, time/batch = 7.123838901520
2025-04-20 23:24:53,871:INFO: 34/260 (epoch 1), train_loss = 3.413913488388, time/batch = 8.253758907318
2025-04-20 23:24:55,014:INFO: 35/260 (epoch 1), train_loss = 3.399890899658, time/batch = 1.142550468445
2025-04-20 23:25:02,892:INFO: 36/260 (epoch 1), train_loss = 3.289262294769, time/batch = 7.878113269806
2025-04-20 23:25:07,033:INFO: 37/260 (epoch 1), train_loss = 3.709721803665, time/batch = 4.141302347183
2025-04-20 23:25:10,535:INFO: 38/260 (epoch 1), train_loss = 3.522083997726, time/batch = 3.501244068146
2025-04-20 23:25:10,973:INFO: 39/260 (epoch 1), train_loss = 3.178425788879, time/batch = 0.437981128693
2025-04-20 23:25:16,818:INFO: 40/260 (epoch 1), train_loss = 3.477104187012, time/batch = 5.845446109772
2025-04-20 23:25:19,944:INFO: 41/260 (epoch 1), train_loss = 3.295605659485, time/batch = 3.125853300095
2025-04-20 23:25:23,431:INFO: 42/260 (epoch 1), train_loss = 3.506137609482, time/batch = 3.487167835236
2025-04-20 23:25:31,464:INFO: 43/260 (epoch 1), train_loss = 3.861554622650, time/batch = 8.033194303513
2025-04-20 23:25:34,903:INFO: 44/260 (epoch 1), train_loss = 3.452009677887, time/batch = 3.438581466675
2025-04-20 23:25:39,874:INFO: 45/260 (epoch 1), train_loss = 3.284877061844, time/batch = 4.971507072449
2025-04-20 23:25:46,814:INFO: 46/260 (epoch 1), train_loss = 3.389824151993, time/batch = 6.939435482025
2025-04-20 23:25:54,973:INFO: 47/260 (epoch 1), train_loss = 3.486978292465, time/batch = 8.158912658691
2025-04-20 23:25:55,989:INFO: 48/260 (epoch 1), train_loss = 3.352607250214, time/batch = 1.016559600830
2025-04-20 23:26:03,741:INFO: 49/260 (epoch 1), train_loss = 3.496228218079, time/batch = 7.736136674881
2025-04-20 23:26:07,914:INFO: 50/260 (epoch 1), train_loss = 3.730056762695, time/batch = 4.173403024673
2025-04-20 23:26:11,478:INFO: 51/260 (epoch 1), train_loss = 3.634690284729, time/batch = 3.563108682632
2025-04-20 23:26:11,915:INFO: 52/260 (epoch 2), train_loss = 3.231436252594, time/batch = 0.437522411346
2025-04-20 23:26:18,107:INFO: 53/260 (epoch 2), train_loss = 3.337038040161, time/batch = 6.191710233688
2025-04-20 23:26:21,248:INFO: 54/260 (epoch 2), train_loss = 3.531278133392, time/batch = 3.141263961792
2025-04-20 23:26:24,828:INFO: 55/260 (epoch 2), train_loss = 3.533344268799, time/batch = 3.579902648926
2025-04-20 23:26:32,611:INFO: 56/260 (epoch 2), train_loss = 3.711534500122, time/batch = 7.783453702927
2025-04-20 23:26:36,099:INFO: 57/260 (epoch 2), train_loss = 3.375373840332, time/batch = 3.487599134445
2025-04-20 23:26:41,179:INFO: 58/260 (epoch 2), train_loss = 3.498436927795, time/batch = 5.079772472382
2025-04-20 23:26:48,166:INFO: 59/260 (epoch 2), train_loss = 3.309699773788, time/batch = 6.987603187561
2025-04-20 23:26:56,294:INFO: 60/260 (epoch 2), train_loss = 3.346417188644, time/batch = 8.127895355225
2025-04-20 23:26:57,342:INFO: 61/260 (epoch 2), train_loss = 3.530750989914, time/batch = 1.047357320786
2025-04-20 23:27:05,613:INFO: 62/260 (epoch 2), train_loss = 3.337913513184, time/batch = 8.271904230118
2025-04-20 23:27:09,850:INFO: 63/260 (epoch 2), train_loss = 3.709057331085, time/batch = 4.236475944519
2025-04-20 23:27:13,490:INFO: 64/260 (epoch 2), train_loss = 3.705634355545, time/batch = 3.639539480209
2025-04-20 23:27:13,959:INFO: 65/260 (epoch 2), train_loss = 3.555251598358, time/batch = 0.469313621521
2025-04-20 23:27:20,014:INFO: 66/260 (epoch 2), train_loss = 3.211005210876, time/batch = 6.055511713028
2025-04-20 23:27:23,090:INFO: 67/260 (epoch 2), train_loss = 3.435805797577, time/batch = 3.075514316559
2025-04-20 23:27:26,606:INFO: 68/260 (epoch 2), train_loss = 3.131688833237, time/batch = 3.516267538071
2025-04-20 23:27:34,826:INFO: 69/260 (epoch 2), train_loss = 3.547712802887, time/batch = 8.220258474350
2025-04-20 23:27:38,172:INFO: 70/260 (epoch 2), train_loss = 3.096001625061, time/batch = 3.345711708069
2025-04-20 23:27:43,282:INFO: 71/260 (epoch 2), train_loss = 3.218592882156, time/batch = 5.110089540482
2025-04-20 23:27:50,269:INFO: 72/260 (epoch 2), train_loss = 3.383809328079, time/batch = 6.986540317535
2025-04-20 23:27:58,325:INFO: 73/260 (epoch 2), train_loss = 3.078164815903, time/batch = 8.055960655212
2025-04-20 23:27:59,403:INFO: 74/260 (epoch 2), train_loss = 3.624455451965, time/batch = 1.062997341156
2025-04-20 23:28:07,171:INFO: 75/260 (epoch 2), train_loss = 3.289483547211, time/batch = 7.767414569855
2025-04-20 23:28:11,359:INFO: 76/260 (epoch 2), train_loss = 3.712801933289, time/batch = 4.188624858856
2025-04-20 23:28:14,844:INFO: 77/260 (epoch 2), train_loss = 3.289272069931, time/batch = 3.484991073608
2025-04-20 23:28:15,266:INFO: 78/260 (epoch 3), train_loss = 3.382103204727, time/batch = 0.421895027161
2025-04-20 23:28:21,253:INFO: 79/260 (epoch 3), train_loss = 3.135665416718, time/batch = 5.986476421356
2025-04-20 23:28:24,472:INFO: 80/260 (epoch 3), train_loss = 3.252091169357, time/batch = 3.219331026077
2025-04-20 23:28:27,973:INFO: 81/260 (epoch 3), train_loss = 3.320931673050, time/batch = 3.501031637192
2025-04-20 23:28:35,866:INFO: 82/260 (epoch 3), train_loss = 3.812967777252, time/batch = 7.893028259277
2025-04-20 23:28:39,289:INFO: 83/260 (epoch 3), train_loss = 3.461770057678, time/batch = 3.423377990723
2025-04-20 23:28:44,245:INFO: 84/260 (epoch 3), train_loss = 3.272903203964, time/batch = 4.955389499664
2025-04-20 23:28:51,217:INFO: 85/260 (epoch 3), train_loss = 3.392201423645, time/batch = 6.972078084946
2025-04-20 23:28:59,284:INFO: 86/260 (epoch 3), train_loss = 3.411673545837, time/batch = 8.067347288132
2025-04-20 23:29:00,425:INFO: 87/260 (epoch 3), train_loss = 3.441770076752, time/batch = 1.140684843063
2025-04-20 23:29:08,553:INFO: 88/260 (epoch 3), train_loss = 3.496712207794, time/batch = 8.127817869186
2025-04-20 23:29:12,695:INFO: 89/260 (epoch 3), train_loss = 3.916587114334, time/batch = 4.141849279404
2025-04-20 23:29:16,290:INFO: 90/260 (epoch 3), train_loss = 3.487490177155, time/batch = 3.595075607300
2025-04-20 23:29:16,728:INFO: 91/260 (epoch 3), train_loss = 3.278384208679, time/batch = 0.437954425812
2025-04-20 23:29:22,557:INFO: 92/260 (epoch 3), train_loss = 3.300853490829, time/batch = 5.829797983170
2025-04-20 23:29:25,794:INFO: 93/260 (epoch 3), train_loss = 3.356293678284, time/batch = 3.236824750900
2025-04-20 23:29:29,296:INFO: 94/260 (epoch 3), train_loss = 3.545516967773, time/batch = 3.501327753067
2025-04-20 23:29:37,172:INFO: 95/260 (epoch 3), train_loss = 3.940379619598, time/batch = 7.876766443253
2025-04-20 23:29:40,454:INFO: 96/260 (epoch 3), train_loss = 3.460905313492, time/batch = 3.281874656677
2025-04-20 23:29:45,364:INFO: 97/260 (epoch 3), train_loss = 3.349572181702, time/batch = 4.909527540207
2025-04-20 23:29:52,478:INFO: 98/260 (epoch 3), train_loss = 3.328634023666, time/batch = 7.113959312439
2025-04-20 23:30:00,888:INFO: 99/260 (epoch 3), train_loss = 3.309301376343, time/batch = 8.410039901733
2025-04-20 23:30:01,998:INFO: 100/260 (epoch 3), train_loss = 3.394292354584, time/batch = 1.110126495361
2025-04-20 23:30:09,861:INFO: 101/260 (epoch 3), train_loss = 3.491575717926, time/batch = 7.863243103027
2025-04-20 23:30:14,144:INFO: 102/260 (epoch 3), train_loss = 3.784113407135, time/batch = 4.282729625702
2025-04-20 23:30:17,724:INFO: 103/260 (epoch 3), train_loss = 3.639561653137, time/batch = 3.580059051514
2025-04-20 23:30:18,177:INFO: 104/260 (epoch 4), train_loss = 3.637830734253, time/batch = 0.453148365021
2025-04-20 23:30:24,007:INFO: 105/260 (epoch 4), train_loss = 3.342799425125, time/batch = 5.830181837082
2025-04-20 23:30:27,119:INFO: 106/260 (epoch 4), train_loss = 3.407378196716, time/batch = 3.111810922623
2025-04-20 23:30:30,607:INFO: 107/260 (epoch 4), train_loss = 3.305225849152, time/batch = 3.487532377243
2025-04-20 23:30:38,423:INFO: 108/260 (epoch 4), train_loss = 3.568841695786, time/batch = 7.816222429276
2025-04-20 23:30:41,752:INFO: 109/260 (epoch 4), train_loss = 3.519562005997, time/batch = 3.329006433487
2025-04-20 23:30:46,691:INFO: 110/260 (epoch 4), train_loss = 3.230058908463, time/batch = 4.938992261887
2025-04-20 23:30:53,789:INFO: 111/260 (epoch 4), train_loss = 3.318882942200, time/batch = 7.097871065140
2025-04-20 23:31:02,231:INFO: 112/260 (epoch 4), train_loss = 3.150163650513, time/batch = 8.442366838455
2025-04-20 23:31:03,310:INFO: 113/260 (epoch 4), train_loss = 3.209420442581, time/batch = 1.078771352768
2025-04-20 23:31:11,297:INFO: 114/260 (epoch 4), train_loss = 3.249464988708, time/batch = 7.987650156021
2025-04-20 23:31:15,673:INFO: 115/260 (epoch 4), train_loss = 3.907343387604, time/batch = 4.375659465790
2025-04-20 23:31:19,177:INFO: 116/260 (epoch 4), train_loss = 3.717981100082, time/batch = 3.503746032715
2025-04-20 23:31:19,599:INFO: 117/260 (epoch 4), train_loss = 3.323102712631, time/batch = 0.421899318695
2025-04-20 23:31:25,632:INFO: 118/260 (epoch 4), train_loss = 3.529037952423, time/batch = 6.032930612564
2025-04-20 23:31:28,854:INFO: 119/260 (epoch 4), train_loss = 3.727734565735, time/batch = 3.222115993500
2025-04-20 23:31:32,371:INFO: 120/260 (epoch 4), train_loss = 3.526374340057, time/batch = 3.516696929932
2025-04-20 23:31:40,126:INFO: 121/260 (epoch 4), train_loss = 3.711179971695, time/batch = 7.755172967911
2025-04-20 23:31:43,613:INFO: 122/260 (epoch 4), train_loss = 3.554880380630, time/batch = 3.487072706223
2025-04-20 23:31:48,896:INFO: 123/260 (epoch 4), train_loss = 3.438301086426, time/batch = 5.282873392105
2025-04-20 23:31:55,867:INFO: 124/260 (epoch 4), train_loss = 3.487497568130, time/batch = 6.971746444702
2025-04-20 23:32:03,965:INFO: 125/260 (epoch 4), train_loss = 3.665704250336, time/batch = 8.098021268845
2025-04-20 23:32:05,091:INFO: 126/260 (epoch 4), train_loss = 3.241897344589, time/batch = 1.125510931015
2025-04-20 23:32:13,030:INFO: 127/260 (epoch 4), train_loss = 3.556832551956, time/batch = 7.939255237579
2025-04-20 23:32:17,251:INFO: 128/260 (epoch 4), train_loss = 3.698604345322, time/batch = 4.205147504807
2025-04-20 23:32:20,767:INFO: 129/260 (epoch 4), train_loss = 3.392788887024, time/batch = 3.516451358795
2025-04-20 23:32:21,221:INFO: 130/260 (epoch 5), train_loss = 3.285950899124, time/batch = 0.453148841858
2025-04-20 23:32:27,039:INFO: 131/260 (epoch 5), train_loss = 3.775073528290, time/batch = 5.817963838577
2025-04-20 23:32:30,308:INFO: 132/260 (epoch 5), train_loss = 3.550372600555, time/batch = 3.269521951675
2025-04-20 23:32:33,871:INFO: 133/260 (epoch 5), train_loss = 3.259253978729, time/batch = 3.563048362732
2025-04-20 23:32:41,889:INFO: 134/260 (epoch 5), train_loss = 4.056967258453, time/batch = 8.018265962601
2025-04-20 23:32:45,296:INFO: 135/260 (epoch 5), train_loss = 3.206743240356, time/batch = 3.407072544098
2025-04-20 23:32:50,331:INFO: 136/260 (epoch 5), train_loss = 3.496922969818, time/batch = 5.034415721893
2025-04-20 23:32:57,491:INFO: 137/260 (epoch 5), train_loss = 3.366679191589, time/batch = 7.160138368607
2025-04-20 23:33:05,727:INFO: 138/260 (epoch 5), train_loss = 3.359590530396, time/batch = 8.236119747162
2025-04-20 23:33:06,853:INFO: 139/260 (epoch 5), train_loss = 3.399075746536, time/batch = 1.125528335571
2025-04-20 23:33:14,857:INFO: 140/260 (epoch 5), train_loss = 3.411252498627, time/batch = 8.004487991333
2025-04-20 23:33:19,124:INFO: 141/260 (epoch 5), train_loss = 3.615236759186, time/batch = 4.267158031464
2025-04-20 23:33:22,703:INFO: 142/260 (epoch 5), train_loss = 3.362900733948, time/batch = 3.578818798065
2025-04-20 23:33:23,125:INFO: 143/260 (epoch 5), train_loss = 3.192198038101, time/batch = 0.422231435776
2025-04-20 23:33:29,381:INFO: 144/260 (epoch 5), train_loss = 3.470721721649, time/batch = 6.255633354187
2025-04-20 23:33:32,694:INFO: 145/260 (epoch 5), train_loss = 3.532745361328, time/batch = 3.313110351562
2025-04-20 23:33:36,539:INFO: 146/260 (epoch 5), train_loss = 3.481348037720, time/batch = 3.844827651978
2025-04-20 23:33:44,760:INFO: 147/260 (epoch 5), train_loss = 3.885725498199, time/batch = 8.220956325531
2025-04-20 23:33:48,152:INFO: 148/260 (epoch 5), train_loss = 3.416725158691, time/batch = 3.391691207886
2025-04-20 23:33:53,278:INFO: 149/260 (epoch 5), train_loss = 3.171985626221, time/batch = 5.126171112061
2025-04-20 23:34:00,434:INFO: 150/260 (epoch 5), train_loss = 3.595472812653, time/batch = 7.155985832214
2025-04-20 23:34:08,889:INFO: 151/260 (epoch 5), train_loss = 3.469581604004, time/batch = 8.455560684204
2025-04-20 23:34:09,967:INFO: 152/260 (epoch 5), train_loss = 3.432794570923, time/batch = 1.078181266785
2025-04-20 23:34:17,847:INFO: 153/260 (epoch 5), train_loss = 3.274601221085, time/batch = 7.879853963852
2025-04-20 23:34:22,114:INFO: 154/260 (epoch 5), train_loss = 3.704158306122, time/batch = 4.266340732574
2025-04-20 23:34:25,695:INFO: 155/260 (epoch 5), train_loss = 3.432506084442, time/batch = 3.580877304077
2025-04-20 23:34:26,148:INFO: 156/260 (epoch 6), train_loss = 3.467691421509, time/batch = 0.453603982925
2025-04-20 23:34:32,150:INFO: 157/260 (epoch 6), train_loss = 3.483542442322, time/batch = 6.001664161682
2025-04-20 23:34:35,308:INFO: 158/260 (epoch 6), train_loss = 3.424109220505, time/batch = 3.157922506332
2025-04-20 23:34:38,871:INFO: 159/260 (epoch 6), train_loss = 3.525422334671, time/batch = 3.563617944717
2025-04-20 23:34:46,923:INFO: 160/260 (epoch 6), train_loss = 3.756407976151, time/batch = 8.051176786423
2025-04-20 23:34:50,315:INFO: 161/260 (epoch 6), train_loss = 3.367669343948, time/batch = 3.392779111862
2025-04-20 23:34:55,397:INFO: 162/260 (epoch 6), train_loss = 3.397696495056, time/batch = 5.082073450089
2025-04-20 23:35:02,494:INFO: 163/260 (epoch 6), train_loss = 3.215630054474, time/batch = 7.096331834793
2025-04-20 23:35:10,700:INFO: 164/260 (epoch 6), train_loss = 3.579675197601, time/batch = 8.206780910492
2025-04-20 23:35:11,779:INFO: 165/260 (epoch 6), train_loss = 3.420760631561, time/batch = 1.078624725342
2025-04-20 23:35:19,906:INFO: 166/260 (epoch 6), train_loss = 3.419967889786, time/batch = 8.127218008041
2025-04-20 23:35:24,128:INFO: 167/260 (epoch 6), train_loss = 3.543005228043, time/batch = 4.221524000168
2025-04-20 23:35:27,677:INFO: 168/260 (epoch 6), train_loss = 3.310300350189, time/batch = 3.549078226089
2025-04-20 23:35:28,130:INFO: 169/260 (epoch 6), train_loss = 3.255530357361, time/batch = 0.453148365021
2025-04-20 23:35:34,087:INFO: 170/260 (epoch 6), train_loss = 3.407121658325, time/batch = 5.956453323364
2025-04-20 23:35:37,322:INFO: 171/260 (epoch 6), train_loss = 3.542739391327, time/batch = 3.235940456390
2025-04-20 23:35:40,949:INFO: 172/260 (epoch 6), train_loss = 3.527828216553, time/batch = 3.626083135605
2025-04-20 23:35:48,966:INFO: 173/260 (epoch 6), train_loss = 3.817974090576, time/batch = 8.017197608948
2025-04-20 23:35:52,419:INFO: 174/260 (epoch 6), train_loss = 3.337559700012, time/batch = 3.453738212585
2025-04-20 23:35:57,438:INFO: 175/260 (epoch 6), train_loss = 3.279762983322, time/batch = 5.018374681473
2025-04-20 23:36:04,627:INFO: 176/260 (epoch 6), train_loss = 3.540534019470, time/batch = 7.189204692841
2025-04-20 23:36:12,834:INFO: 177/260 (epoch 6), train_loss = 3.443634986877, time/batch = 8.207250356674
2025-04-20 23:36:13,991:INFO: 178/260 (epoch 6), train_loss = 3.344883203506, time/batch = 1.156759738922
2025-04-20 23:36:22,228:INFO: 179/260 (epoch 6), train_loss = 3.232835531235, time/batch = 8.237295866013
2025-04-20 23:36:26,417:INFO: 180/260 (epoch 6), train_loss = 3.945647239685, time/batch = 4.188633441925
2025-04-20 23:36:30,012:INFO: 181/260 (epoch 6), train_loss = 3.437886714935, time/batch = 3.595008373260
2025-04-20 23:36:30,496:INFO: 182/260 (epoch 7), train_loss = 3.380276679993, time/batch = 0.484400749207
2025-04-20 23:36:36,451:INFO: 183/260 (epoch 7), train_loss = 3.491692543030, time/batch = 5.939130544662
2025-04-20 23:36:40,077:INFO: 184/260 (epoch 7), train_loss = 3.449894428253, time/batch = 3.626077651978
2025-04-20 23:36:43,734:INFO: 185/260 (epoch 7), train_loss = 3.578509330750, time/batch = 3.656881809235
2025-04-20 23:36:51,800:INFO: 186/260 (epoch 7), train_loss = 3.734440088272, time/batch = 8.066260814667
2025-04-20 23:36:55,207:INFO: 187/260 (epoch 7), train_loss = 3.668997287750, time/batch = 3.406755447388
2025-04-20 23:37:00,461:INFO: 188/260 (epoch 7), train_loss = 3.268455982208, time/batch = 5.254170179367
2025-04-20 23:37:07,527:INFO: 189/260 (epoch 7), train_loss = 3.507613420486, time/batch = 7.065895080566
2025-04-20 23:37:15,703:INFO: 190/260 (epoch 7), train_loss = 3.373302936554, time/batch = 8.175802469254
2025-04-20 23:37:16,876:INFO: 191/260 (epoch 7), train_loss = 3.761046886444, time/batch = 1.172584772110
2025-04-20 23:37:24,909:INFO: 192/260 (epoch 7), train_loss = 3.548218250275, time/batch = 8.032909393311
2025-04-20 23:37:29,144:INFO: 193/260 (epoch 7), train_loss = 3.550679206848, time/batch = 4.235927820206
2025-04-20 23:37:32,692:INFO: 194/260 (epoch 7), train_loss = 3.583691596985, time/batch = 3.547487020493
2025-04-20 23:37:33,145:INFO: 195/260 (epoch 7), train_loss = 3.741215944290, time/batch = 0.453149795532
2025-04-20 23:37:39,022:INFO: 196/260 (epoch 7), train_loss = 3.220739603043, time/batch = 5.877070903778
2025-04-20 23:37:42,133:INFO: 197/260 (epoch 7), train_loss = 3.424632072449, time/batch = 3.111100435257
2025-04-20 23:37:45,870:INFO: 198/260 (epoch 7), train_loss = 3.570137977600, time/batch = 3.737102985382
2025-04-20 23:37:53,826:INFO: 199/260 (epoch 7), train_loss = 3.830155849457, time/batch = 7.955536842346
2025-04-20 23:37:57,329:INFO: 200/260 (epoch 7), train_loss = 3.316633224487, time/batch = 3.502786159515
2025-04-20 23:38:02,642:INFO: 201/260 (epoch 7), train_loss = 3.612038135529, time/batch = 5.298058032990
2025-04-20 23:38:09,738:INFO: 202/260 (epoch 7), train_loss = 3.330011844635, time/batch = 7.095443487167
2025-04-20 23:38:18,069:INFO: 203/260 (epoch 7), train_loss = 3.330888509750, time/batch = 8.330791950226
2025-04-20 23:38:19,162:INFO: 204/260 (epoch 7), train_loss = 3.414851188660, time/batch = 1.093806505203
2025-04-20 23:38:27,135:INFO: 205/260 (epoch 7), train_loss = 3.505842447281, time/batch = 7.972147941589
2025-04-20 23:38:31,338:INFO: 206/260 (epoch 7), train_loss = 4.109552383423, time/batch = 4.203792095184
2025-04-20 23:38:35,043:INFO: 207/260 (epoch 7), train_loss = 3.232611656189, time/batch = 3.688565492630
2025-04-20 23:38:35,480:INFO: 208/260 (epoch 8), train_loss = 3.495116472244, time/batch = 0.437522888184
2025-04-20 23:38:41,467:INFO: 209/260 (epoch 8), train_loss = 3.471583366394, time/batch = 5.970860958099
2025-04-20 23:38:44,795:INFO: 210/260 (epoch 8), train_loss = 3.557412147522, time/batch = 3.328791379929
2025-04-20 23:38:48,363:INFO: 211/260 (epoch 8), train_loss = 3.579991340637, time/batch = 3.567217350006
2025-04-20 23:38:56,303:INFO: 212/260 (epoch 8), train_loss = 3.979894638062, time/batch = 7.940351486206
2025-04-20 23:38:59,742:INFO: 213/260 (epoch 8), train_loss = 3.516116857529, time/batch = 3.439048290253
2025-04-20 23:39:04,774:INFO: 214/260 (epoch 8), train_loss = 3.724429607391, time/batch = 5.031954288483
2025-04-20 23:39:12,046:INFO: 215/260 (epoch 8), train_loss = 3.326421022415, time/batch = 7.272211551666
2025-04-20 23:39:20,252:INFO: 216/260 (epoch 8), train_loss = 3.338043689728, time/batch = 8.205827713013
2025-04-20 23:39:21,377:INFO: 217/260 (epoch 8), train_loss = 3.409019708633, time/batch = 1.125058889389
2025-04-20 23:39:29,350:INFO: 218/260 (epoch 8), train_loss = 3.309757471085, time/batch = 7.973091840744
2025-04-20 23:39:33,663:INFO: 219/260 (epoch 8), train_loss = 3.614522218704, time/batch = 4.313171386719
2025-04-20 23:39:37,227:INFO: 220/260 (epoch 8), train_loss = 3.248589038849, time/batch = 3.564059257507
2025-04-20 23:39:37,665:INFO: 221/260 (epoch 8), train_loss = 3.403172492981, time/batch = 0.437523365021
2025-04-20 23:39:43,541:INFO: 222/260 (epoch 8), train_loss = 3.502282619476, time/batch = 5.876396179199
2025-04-20 23:39:46,807:INFO: 223/260 (epoch 8), train_loss = 3.358479738235, time/batch = 3.265995979309
2025-04-20 23:39:50,528:INFO: 224/260 (epoch 8), train_loss = 3.439502716064, time/batch = 3.720319032669
2025-04-20 23:39:58,502:INFO: 225/260 (epoch 8), train_loss = 3.479798316956, time/batch = 7.973981142044
2025-04-20 23:40:01,956:INFO: 226/260 (epoch 8), train_loss = 3.503908395767, time/batch = 3.454178333282
2025-04-20 23:40:07,160:INFO: 227/260 (epoch 8), train_loss = 3.294577598572, time/batch = 5.204329729080
2025-04-20 23:40:14,586:INFO: 228/260 (epoch 8), train_loss = 3.230862379074, time/batch = 7.425770282745
2025-04-20 23:40:22,791:INFO: 229/260 (epoch 8), train_loss = 3.157377958298, time/batch = 8.205372333527
2025-04-20 23:40:24,010:INFO: 230/260 (epoch 8), train_loss = 3.455124378204, time/batch = 1.219236612320
2025-04-20 23:40:31,921:INFO: 231/260 (epoch 8), train_loss = 3.419205427170, time/batch = 7.910625219345
2025-04-20 23:40:36,235:INFO: 232/260 (epoch 8), train_loss = 3.414051294327, time/batch = 4.313573122025
2025-04-20 23:40:39,956:INFO: 233/260 (epoch 8), train_loss = 3.443604946136, time/batch = 3.720945119858
2025-04-20 23:40:40,409:INFO: 234/260 (epoch 9), train_loss = 3.333063125610, time/batch = 0.453148603439
2025-04-20 23:40:46,490:INFO: 235/260 (epoch 9), train_loss = 3.583272933960, time/batch = 6.081242084503
2025-04-20 23:40:49,711:INFO: 236/260 (epoch 9), train_loss = 3.288961887360, time/batch = 3.221132278442
2025-04-20 23:40:53,275:INFO: 237/260 (epoch 9), train_loss = 3.353322982788, time/batch = 3.563533544540
2025-04-20 23:41:01,278:INFO: 238/260 (epoch 9), train_loss = 3.863012552261, time/batch = 8.002892732620
2025-04-20 23:41:04,809:INFO: 239/260 (epoch 9), train_loss = 3.355383634567, time/batch = 3.531869649887
2025-04-20 23:41:09,842:INFO: 240/260 (epoch 9), train_loss = 3.333632469177, time/batch = 5.033019542694
2025-04-20 23:41:17,533:INFO: 241/260 (epoch 9), train_loss = 3.556209564209, time/batch = 7.690096616745
2025-04-20 23:41:25,926:INFO: 242/260 (epoch 9), train_loss = 3.168683767319, time/batch = 8.393980741501
2025-04-20 23:41:27,083:INFO: 243/260 (epoch 9), train_loss = 3.488626956940, time/batch = 1.156747579575
2025-04-20 23:41:35,445:INFO: 244/260 (epoch 9), train_loss = 3.348864316940, time/batch = 8.361488342285
2025-04-20 23:41:39,696:INFO: 245/260 (epoch 9), train_loss = 3.797671794891, time/batch = 4.251344680786
2025-04-20 23:41:43,322:INFO: 246/260 (epoch 9), train_loss = 3.246496677399, time/batch = 3.625647306442
2025-04-20 23:41:43,775:INFO: 247/260 (epoch 9), train_loss = 3.487063407898, time/batch = 0.453150749207
2025-04-20 23:41:49,792:INFO: 248/260 (epoch 9), train_loss = 3.264375686646, time/batch = 6.017090082169
2025-04-20 23:41:53,074:INFO: 249/260 (epoch 9), train_loss = 3.394599437714, time/batch = 3.282341957092
2025-04-20 23:41:56,717:INFO: 250/260 (epoch 9), train_loss = 3.572586297989, time/batch = 3.642943620682
2025-04-20 23:42:04,828:INFO: 251/260 (epoch 9), train_loss = 3.703595399857, time/batch = 8.111167907715
2025-04-20 23:42:08,314:INFO: 252/260 (epoch 9), train_loss = 3.253256320953, time/batch = 3.485720396042
2025-04-20 23:42:13,300:INFO: 253/260 (epoch 9), train_loss = 3.596476078033, time/batch = 4.986204147339
2025-04-20 23:42:20,834:INFO: 254/260 (epoch 9), train_loss = 3.557946681976, time/batch = 7.533855199814
2025-04-20 23:42:29,571:INFO: 255/260 (epoch 9), train_loss = 3.565441131592, time/batch = 8.736574172974
2025-04-20 23:42:30,711:INFO: 256/260 (epoch 9), train_loss = 3.445384979248, time/batch = 1.140689611435
2025-04-20 23:42:38,995:INFO: 257/260 (epoch 9), train_loss = 3.578090667725, time/batch = 8.283887624741
2025-04-20 23:42:43,232:INFO: 258/260 (epoch 9), train_loss = 3.728122711182, time/batch = 4.236774921417
2025-04-20 23:42:46,813:INFO: 259/260 (epoch 9), train_loss = 3.312696933746, time/batch = 3.581067562103
2025-04-21 00:24:13,724:INFO: Training begin
2025-04-21 00:24:17,616:INFO: 0/260 (epoch 0), train_loss = 3.378241300583, time/batch = 3.892301082611
2025-04-21 00:24:18,007:INFO: 1/260 (epoch 0), train_loss = 3.246454238892, time/batch = 0.391174316406
2025-04-21 00:24:21,571:INFO: 2/260 (epoch 0), train_loss = 3.142022848129, time/batch = 3.563637971878
2025-04-21 00:24:25,775:INFO: 3/260 (epoch 0), train_loss = 3.992100715637, time/batch = 4.203905582428
2025-04-21 00:24:28,824:INFO: 4/260 (epoch 0), train_loss = 2.968155145645, time/batch = 3.048705101013
2025-04-21 00:24:36,765:INFO: 5/260 (epoch 0), train_loss = 2.915205240250, time/batch = 7.941009283066
2025-04-21 00:24:44,565:INFO: 6/260 (epoch 0), train_loss = 2.861881971359, time/batch = 7.799931049347
2025-04-21 00:24:49,472:INFO: 7/260 (epoch 0), train_loss = 2.781030178070, time/batch = 4.907584190369
2025-04-21 00:24:57,526:INFO: 8/260 (epoch 0), train_loss = 3.455403804779, time/batch = 8.053276062012
2025-04-21 00:25:02,262:INFO: 9/260 (epoch 0), train_loss = 2.620890378952, time/batch = 4.736014127731
2025-04-21 00:25:10,310:INFO: 10/260 (epoch 0), train_loss = 2.536452293396, time/batch = 8.048748970032
2025-04-21 00:25:11,373:INFO: 11/260 (epoch 0), train_loss = 2.441118240356, time/batch = 1.063032150269
2025-04-21 00:25:17,251:INFO: 12/260 (epoch 0), train_loss = 2.266427755356, time/batch = 5.877976655960
2025-04-21 00:25:20,643:INFO: 13/260 (epoch 0), train_loss = 2.088899135590, time/batch = 3.391789674759
2025-04-21 00:25:21,049:INFO: 14/260 (epoch 0), train_loss = 1.924546003342, time/batch = 0.406276941299
2025-04-21 00:25:24,534:INFO: 15/260 (epoch 0), train_loss = 1.630737781525, time/batch = 3.485087633133
2025-04-21 00:25:28,833:INFO: 16/260 (epoch 0), train_loss = 8.674264907837, time/batch = 4.298084974289
2025-04-21 00:25:31,912:INFO: 17/260 (epoch 0), train_loss = 1.160166978836, time/batch = 3.079240798950
2025-04-21 00:25:39,978:INFO: 18/260 (epoch 0), train_loss = 1.147776842117, time/batch = 8.066033363342
2025-04-21 00:25:47,121:INFO: 19/260 (epoch 0), train_loss = 1.108423471451, time/batch = 7.142944097519
2025-04-21 00:25:52,185:INFO: 20/260 (epoch 0), train_loss = 1.026175260544, time/batch = 5.063753366470
2025-04-21 00:26:00,126:INFO: 21/260 (epoch 0), train_loss = 3.287651062012, time/batch = 7.941552877426
2025-04-21 00:26:03,767:INFO: 22/260 (epoch 0), train_loss = 1.063524007797, time/batch = 3.641304254532
2025-04-21 00:26:12,020:INFO: 23/260 (epoch 0), train_loss = 0.740941405296, time/batch = 8.252691268921
2025-04-21 00:26:13,255:INFO: 24/260 (epoch 0), train_loss = 0.637222647667, time/batch = 1.234462976456
2025-04-21 00:26:19,539:INFO: 25/260 (epoch 0), train_loss = 0.689547240734, time/batch = 6.284170150757
2025-04-21 00:26:19,539:INFO: (epoch 0), loss = 2.453
2025-04-21 00:26:19,539:INFO: Best epoch 0, Best loss 2.4532792636981378
2025-04-21 00:26:19,539:INFO: Saving model
2025-04-21 00:26:22,868:INFO: 26/260 (epoch 1), train_loss = 0.639357268810, time/batch = 3.298058509827
2025-04-21 00:26:23,274:INFO: 27/260 (epoch 1), train_loss = 0.536410748959, time/batch = 0.406295537949
2025-04-21 00:26:27,745:INFO: 28/260 (epoch 1), train_loss = 0.365876555443, time/batch = 4.470380783081
2025-04-21 00:26:32,044:INFO: 29/260 (epoch 1), train_loss = 18.740108489990, time/batch = 4.283336162567
2025-04-21 00:26:35,216:INFO: 30/260 (epoch 1), train_loss = 0.644914269447, time/batch = 3.172571420670
2025-04-21 00:26:43,391:INFO: 31/260 (epoch 1), train_loss = 0.726918756962, time/batch = 8.174298048019
2025-04-21 00:26:50,940:INFO: 32/260 (epoch 1), train_loss = 0.706277370453, time/batch = 7.549952507019
2025-04-21 00:26:56,005:INFO: 33/260 (epoch 1), train_loss = 0.533437132835, time/batch = 5.065013170242
2025-04-21 00:27:04,899:INFO: 34/260 (epoch 1), train_loss = 9.838895797729, time/batch = 8.893018722534
2025-04-21 00:27:08,447:INFO: 35/260 (epoch 1), train_loss = -0.176876932383, time/batch = 3.547998189926
2025-04-21 00:27:16,810:INFO: 36/260 (epoch 1), train_loss = 0.033325158060, time/batch = 8.363056659698
2025-04-21 00:27:17,841:INFO: 37/260 (epoch 1), train_loss = -0.140077978373, time/batch = 1.031847953796
2025-04-21 00:27:24,437:INFO: 38/260 (epoch 1), train_loss = -0.226525887847, time/batch = 6.595680952072
2025-04-21 00:27:27,828:INFO: 39/260 (epoch 1), train_loss = -0.114416390657, time/batch = 3.391331672668
2025-04-21 00:27:28,235:INFO: 40/260 (epoch 1), train_loss = -0.100252851844, time/batch = 0.406256437302
2025-04-21 00:27:31,782:INFO: 41/260 (epoch 1), train_loss = -0.169686943293, time/batch = 3.547708749771
2025-04-21 00:27:36,010:INFO: 42/260 (epoch 1), train_loss = 37.901268005371, time/batch = 4.227982759476
2025-04-21 00:27:39,711:INFO: 43/260 (epoch 1), train_loss = -0.459835857153, time/batch = 3.700208425522
2025-04-21 00:27:47,984:INFO: 44/260 (epoch 1), train_loss = -0.489337623119, time/batch = 8.273189067841
2025-04-21 00:27:55,476:INFO: 45/260 (epoch 1), train_loss = -0.603467702866, time/batch = 7.491799116135
2025-04-21 00:28:00,699:INFO: 46/260 (epoch 1), train_loss = -0.757330715656, time/batch = 5.223357677460
2025-04-21 00:28:08,895:INFO: 47/260 (epoch 1), train_loss = 13.191846847534, time/batch = 8.196391582489
2025-04-21 00:28:13,082:INFO: 48/260 (epoch 1), train_loss = -0.301689475775, time/batch = 4.186430454254
2025-04-21 00:28:21,398:INFO: 49/260 (epoch 1), train_loss = -1.008151412010, time/batch = 8.315689325333
2025-04-21 00:28:22,429:INFO: 50/260 (epoch 1), train_loss = -1.067354917526, time/batch = 1.031081438065
2025-04-21 00:28:28,291:INFO: 51/260 (epoch 1), train_loss = -0.418100535870, time/batch = 5.861896276474
2025-04-21 00:28:28,291:INFO: (epoch 1), loss = 2.993
2025-04-21 00:28:28,291:INFO: Best epoch 0, Best loss 2.4532792636981378
2025-04-21 00:28:28,291:INFO: Saving model
2025-04-21 00:28:31,981:INFO: 52/260 (epoch 2), train_loss = -0.455267429352, time/batch = 3.658647775650
2025-04-21 00:28:32,387:INFO: 53/260 (epoch 2), train_loss = -0.795953512192, time/batch = 0.406274795532
2025-04-21 00:28:36,108:INFO: 54/260 (epoch 2), train_loss = -1.154859423637, time/batch = 3.721090078354
2025-04-21 00:28:40,470:INFO: 55/260 (epoch 2), train_loss = 46.128543853760, time/batch = 4.362295150757
2025-04-21 00:28:44,222:INFO: 56/260 (epoch 2), train_loss = -0.466302990913, time/batch = 3.751456499100
2025-04-21 00:28:53,604:INFO: 57/260 (epoch 2), train_loss = -0.141231074929, time/batch = 9.381790399551
2025-04-21 00:29:00,767:INFO: 58/260 (epoch 2), train_loss = 0.079018816352, time/batch = 7.163401365280
2025-04-21 00:29:05,831:INFO: 59/260 (epoch 2), train_loss = -0.196459457278, time/batch = 5.064122438431
2025-04-21 00:29:14,945:INFO: 60/260 (epoch 2), train_loss = 36.404197692871, time/batch = 9.113609790802
2025-04-21 00:29:18,556:INFO: 61/260 (epoch 2), train_loss = -1.686186194420, time/batch = 3.610883474350
2025-04-21 00:29:26,842:INFO: 62/260 (epoch 2), train_loss = -0.837099313736, time/batch = 8.286627054214
2025-04-21 00:29:27,874:INFO: 63/260 (epoch 2), train_loss = -1.221613168716, time/batch = 1.031425714493
2025-04-21 00:29:33,677:INFO: 64/260 (epoch 2), train_loss = -1.630607604980, time/batch = 5.803535699844
2025-04-21 00:29:37,101:INFO: 65/260 (epoch 2), train_loss = -1.259207606316, time/batch = 3.423576354980
2025-04-21 00:29:37,507:INFO: 66/260 (epoch 2), train_loss = -1.179478526115, time/batch = 0.406432628632
2025-04-21 00:29:41,103:INFO: 67/260 (epoch 2), train_loss = -1.319400548935, time/batch = 3.595462322235
2025-04-21 00:29:45,510:INFO: 68/260 (epoch 2), train_loss = 46.259143829346, time/batch = 4.407012701035
2025-04-21 00:29:48,886:INFO: 69/260 (epoch 2), train_loss = -1.721810340881, time/batch = 3.375881433487
2025-04-21 00:29:56,797:INFO: 70/260 (epoch 2), train_loss = -1.795023322105, time/batch = 7.895254135132
2025-04-21 00:30:04,112:INFO: 71/260 (epoch 2), train_loss = -1.946920633316, time/batch = 7.315565586090
2025-04-21 00:30:09,601:INFO: 72/260 (epoch 2), train_loss = -2.217372655869, time/batch = 5.488537073135
2025-04-21 00:30:18,603:INFO: 73/260 (epoch 2), train_loss = 45.903179168701, time/batch = 9.002596855164
2025-04-21 00:30:22,277:INFO: 74/260 (epoch 2), train_loss = 0.056988455355, time/batch = 3.673345088959
2025-04-21 00:30:30,530:INFO: 75/260 (epoch 2), train_loss = -2.189232110977, time/batch = 8.253001213074
2025-04-21 00:30:31,561:INFO: 76/260 (epoch 2), train_loss = -2.367899179459, time/batch = 1.031450748444
2025-04-21 00:30:37,877:INFO: 77/260 (epoch 2), train_loss = -0.733386397362, time/batch = 6.315421342850
2025-04-21 00:30:37,877:INFO: (epoch 2), loss = 5.751
2025-04-21 00:30:37,877:INFO: Best epoch 0, Best loss 2.4532792636981378
2025-04-21 00:30:37,877:INFO: Saving model
2025-04-21 00:30:41,394:INFO: 78/260 (epoch 3), train_loss = -0.806114077568, time/batch = 3.486072301865
2025-04-21 00:30:41,800:INFO: 79/260 (epoch 3), train_loss = -0.877330660820, time/batch = 0.390649795532
2025-04-21 00:30:45,332:INFO: 80/260 (epoch 3), train_loss = -0.996160209179, time/batch = 3.531968832016
2025-04-21 00:30:49,646:INFO: 81/260 (epoch 3), train_loss = 46.143554687500, time/batch = 4.313569545746
2025-04-21 00:30:52,869:INFO: 82/260 (epoch 3), train_loss = -0.674836516380, time/batch = 3.223376035690
2025-04-21 00:31:01,105:INFO: 83/260 (epoch 3), train_loss = -1.035394906998, time/batch = 8.235792636871
2025-04-21 00:31:08,264:INFO: 84/260 (epoch 3), train_loss = -1.470308899879, time/batch = 7.159602403641
2025-04-21 00:31:13,423:INFO: 85/260 (epoch 3), train_loss = -2.244935750961, time/batch = 5.142478466034
2025-04-21 00:31:21,725:INFO: 86/260 (epoch 3), train_loss = 45.874416351318, time/batch = 8.302054166794
2025-04-21 00:31:25,319:INFO: 87/260 (epoch 3), train_loss = -0.359928667545, time/batch = 3.594597578049
2025-04-21 00:31:33,558:INFO: 88/260 (epoch 3), train_loss = -0.705275177956, time/batch = 8.223024129868
2025-04-21 00:31:34,605:INFO: 89/260 (epoch 3), train_loss = -1.017485260963, time/batch = 1.046941757202
2025-04-21 00:31:40,484:INFO: 90/260 (epoch 3), train_loss = -1.393493175507, time/batch = 5.879494428635
2025-04-21 00:31:43,877:INFO: 91/260 (epoch 3), train_loss = -2.029566287994, time/batch = 3.392678499222
2025-04-21 00:31:44,283:INFO: 92/260 (epoch 3), train_loss = -2.313152313232, time/batch = 0.406275510788
2025-04-21 00:31:48,222:INFO: 93/260 (epoch 3), train_loss = -2.142821788788, time/batch = 3.938581228256
2025-04-21 00:31:52,442:INFO: 94/260 (epoch 3), train_loss = 46.267234802246, time/batch = 4.220542669296
2025-04-21 00:31:55,585:INFO: 95/260 (epoch 3), train_loss = -0.618272483349, time/batch = 3.142671108246
2025-04-21 00:32:03,558:INFO: 96/260 (epoch 3), train_loss = -0.533956527710, time/batch = 7.972702741623
2025-04-21 00:32:11,015:INFO: 97/260 (epoch 3), train_loss = -0.570933103561, time/batch = 7.456978321075
2025-04-21 00:32:16,063:INFO: 98/260 (epoch 3), train_loss = -1.314553976059, time/batch = 5.048618793488
2025-04-21 00:32:24,630:INFO: 99/260 (epoch 3), train_loss = 45.974807739258, time/batch = 8.566503524780
2025-04-21 00:32:28,162:INFO: 100/260 (epoch 3), train_loss = -2.574339389801, time/batch = 3.532015800476
2025-04-21 00:32:36,337:INFO: 101/260 (epoch 3), train_loss = -1.999126434326, time/batch = 8.175143957138
2025-04-21 00:32:37,384:INFO: 102/260 (epoch 3), train_loss = -2.182305574417, time/batch = 1.046939373016
2025-04-21 00:32:43,652:INFO: 103/260 (epoch 3), train_loss = -2.553427934647, time/batch = 6.268249988556
2025-04-21 00:32:43,652:INFO: (epoch 3), loss = 5.917
2025-04-21 00:32:43,652:INFO: Best epoch 0, Best loss 2.4532792636981378
2025-04-21 00:32:43,652:INFO: Saving model
2025-04-21 00:32:47,013:INFO: 104/260 (epoch 4), train_loss = -2.456703424454, time/batch = 3.345468044281
2025-04-21 00:32:47,404:INFO: 105/260 (epoch 4), train_loss = -2.394396543503, time/batch = 0.390648841858
2025-04-21 00:32:50,875:INFO: 106/260 (epoch 4), train_loss = -2.341747045517, time/batch = 3.471563100815
2025-04-21 00:32:55,268:INFO: 107/260 (epoch 4), train_loss = 46.121517181396, time/batch = 4.392548084259
2025-04-21 00:32:58,363:INFO: 108/260 (epoch 4), train_loss = -2.268154859543, time/batch = 3.095244884491
2025-04-21 00:33:06,350:INFO: 109/260 (epoch 4), train_loss = -2.499034643173, time/batch = 7.987021446228
2025-04-21 00:33:13,386:INFO: 110/260 (epoch 4), train_loss = -2.617594718933, time/batch = 7.035761117935
2025-04-21 00:33:18,451:INFO: 111/260 (epoch 4), train_loss = -2.453571319580, time/batch = 5.065133571625
2025-04-21 00:33:26,282:INFO: 112/260 (epoch 4), train_loss = 45.925106048584, time/batch = 7.830786466599
2025-04-21 00:33:29,861:INFO: 113/260 (epoch 4), train_loss = -1.584630012512, time/batch = 3.579315900803
2025-04-21 00:33:38,224:INFO: 114/260 (epoch 4), train_loss = -3.001915693283, time/batch = 8.362455844879
2025-04-21 00:33:39,271:INFO: 115/260 (epoch 4), train_loss = -3.130440235138, time/batch = 1.047577857971
2025-04-21 00:33:45,023:INFO: 116/260 (epoch 4), train_loss = -2.406855344772, time/batch = 5.751338481903
2025-04-21 00:33:48,384:INFO: 117/260 (epoch 4), train_loss = -2.153817176819, time/batch = 3.361185312271
2025-04-21 00:33:48,915:INFO: 118/260 (epoch 4), train_loss = -2.305770397186, time/batch = 0.531263113022
2025-04-21 00:33:52,463:INFO: 119/260 (epoch 4), train_loss = -2.565019130707, time/batch = 3.548036336899
2025-04-21 00:33:56,679:INFO: 120/260 (epoch 4), train_loss = 46.175079345703, time/batch = 4.215421676636
2025-04-21 00:33:59,790:INFO: 121/260 (epoch 4), train_loss = -3.073003292084, time/batch = 3.111669540405
2025-04-21 00:34:07,652:INFO: 122/260 (epoch 4), train_loss = -3.016410112381, time/batch = 7.861408472061
2025-04-21 00:34:15,014:INFO: 123/260 (epoch 4), train_loss = -3.046006917953, time/batch = 7.362313032150
2025-04-21 00:34:20,032:INFO: 124/260 (epoch 4), train_loss = -3.214321374893, time/batch = 5.017876863480
2025-04-21 00:34:28,159:INFO: 125/260 (epoch 4), train_loss = 45.908290863037, time/batch = 8.126724720001
2025-04-21 00:34:31,707:INFO: 126/260 (epoch 4), train_loss = -3.200267314911, time/batch = 3.532427549362
2025-04-21 00:34:40,242:INFO: 127/260 (epoch 4), train_loss = -2.780594348907, time/batch = 8.519916296005
2025-04-21 00:34:41,274:INFO: 128/260 (epoch 4), train_loss = -3.084217786789, time/batch = 1.032000303268
2025-04-21 00:34:47,041:INFO: 129/260 (epoch 4), train_loss = -3.388818740845, time/batch = 5.766933441162
2025-04-21 00:34:47,041:INFO: (epoch 4), loss = 4.813
2025-04-21 00:34:47,041:INFO: Best epoch 0, Best loss 2.4532792636981378
2025-04-21 00:34:47,041:INFO: Saving model
2025-04-21 00:34:50,950:INFO: 130/260 (epoch 5), train_loss = -2.817018032074, time/batch = 3.893461465836
2025-04-21 00:34:51,356:INFO: 131/260 (epoch 5), train_loss = -3.183128595352, time/batch = 0.406275749207
2025-04-21 00:34:54,891:INFO: 132/260 (epoch 5), train_loss = -3.299062252045, time/batch = 3.534262418747
2025-04-21 00:34:59,063:INFO: 133/260 (epoch 5), train_loss = 46.116725921631, time/batch = 4.172601938248
2025-04-21 00:35:02,158:INFO: 134/260 (epoch 5), train_loss = -3.223749160767, time/batch = 3.094881534576
2025-04-21 00:35:10,207:INFO: 135/260 (epoch 5), train_loss = -3.591335773468, time/batch = 8.048537731171
2025-04-21 00:35:17,320:INFO: 136/260 (epoch 5), train_loss = -3.412932872772, time/batch = 7.113629579544
2025-04-21 00:35:22,963:INFO: 137/260 (epoch 5), train_loss = -3.001873016357, time/batch = 5.642807960510
2025-04-21 00:35:30,935:INFO: 138/260 (epoch 5), train_loss = 45.907314300537, time/batch = 7.971889972687
2025-04-21 00:35:34,498:INFO: 139/260 (epoch 5), train_loss = -3.274145603180, time/batch = 3.563302993774
2025-04-21 00:35:43,003:INFO: 140/260 (epoch 5), train_loss = -3.449890613556, time/batch = 8.504255056381
2025-04-21 00:35:44,519:INFO: 141/260 (epoch 5), train_loss = -4.042113780975, time/batch = 1.516196012497
2025-04-21 00:35:50,349:INFO: 142/260 (epoch 5), train_loss = -3.825760364532, time/batch = 5.829941987991
2025-04-21 00:35:53,803:INFO: 143/260 (epoch 5), train_loss = -3.522763013840, time/batch = 3.454121112823
2025-04-21 00:35:54,194:INFO: 144/260 (epoch 5), train_loss = -3.736410140991, time/batch = 0.390634775162
2025-04-21 00:35:57,743:INFO: 145/260 (epoch 5), train_loss = -3.914193630219, time/batch = 3.549768686295
2025-04-21 00:36:01,886:INFO: 146/260 (epoch 5), train_loss = 46.127429962158, time/batch = 4.126721620560
2025-04-21 00:36:04,965:INFO: 147/260 (epoch 5), train_loss = -1.942087531090, time/batch = 3.079180717468
2025-04-21 00:36:13,172:INFO: 148/260 (epoch 5), train_loss = -2.525606393814, time/batch = 8.206824302673
2025-04-21 00:36:20,331:INFO: 149/260 (epoch 5), train_loss = 0.534532427788, time/batch = 7.158950805664
2025-04-21 00:36:25,394:INFO: 150/260 (epoch 5), train_loss = 1.125000953674, time/batch = 5.063178062439
2025-04-21 00:36:33,444:INFO: 151/260 (epoch 5), train_loss = 45.914188385010, time/batch = 8.049875259399
2025-04-21 00:36:37,070:INFO: 152/260 (epoch 5), train_loss = -4.175655841827, time/batch = 3.626166582108
2025-04-21 00:36:45,604:INFO: 153/260 (epoch 5), train_loss = -0.414042115211, time/batch = 8.534660100937
2025-04-21 00:36:47,137:INFO: 154/260 (epoch 5), train_loss = 0.927226901054, time/batch = 1.532114505768
2025-04-21 00:36:53,453:INFO: 155/260 (epoch 5), train_loss = -3.656110048294, time/batch = 6.300365209579
2025-04-21 00:36:53,453:INFO: (epoch 5), loss = 4.832
2025-04-21 00:36:53,453:INFO: Best epoch 0, Best loss 2.4532792636981378
2025-04-21 00:36:53,453:INFO: Saving model
2025-04-21 00:36:58,117:INFO: 156/260 (epoch 6), train_loss = -4.618228435516, time/batch = 4.633113861084
2025-04-21 00:36:58,524:INFO: 157/260 (epoch 6), train_loss = -4.465161323547, time/batch = 0.406839609146
2025-04-21 00:37:02,104:INFO: 158/260 (epoch 6), train_loss = -4.606327533722, time/batch = 3.579740285873
2025-04-21 00:37:06,323:INFO: 159/260 (epoch 6), train_loss = 46.089782714844, time/batch = 4.219698429108
2025-04-21 00:37:09,653:INFO: 160/260 (epoch 6), train_loss = -1.672638773918, time/batch = 3.329499244690
2025-04-21 00:37:17,533:INFO: 161/260 (epoch 6), train_loss = -2.245058774948, time/batch = 7.880093574524
2025-04-21 00:37:24,722:INFO: 162/260 (epoch 6), train_loss = -2.673690080643, time/batch = 7.189389467239
2025-04-21 00:37:29,883:INFO: 163/260 (epoch 6), train_loss = -3.065517902374, time/batch = 5.160871267319
2025-04-21 00:37:38,190:INFO: 164/260 (epoch 6), train_loss = 45.942394256592, time/batch = 8.306896448135
2025-04-21 00:37:41,930:INFO: 165/260 (epoch 6), train_loss = -2.283055543900, time/batch = 3.740524291992
2025-04-21 00:37:51,046:INFO: 166/260 (epoch 6), train_loss = -2.531488895416, time/batch = 9.115511655807
2025-04-21 00:37:52,093:INFO: 167/260 (epoch 6), train_loss = -4.592750549316, time/batch = 1.046952962875
2025-04-21 00:37:58,474:INFO: 168/260 (epoch 6), train_loss = 2.103600740433, time/batch = 6.381480216980
2025-04-21 00:38:01,882:INFO: 169/260 (epoch 6), train_loss = 9.856868743896, time/batch = 3.407943487167
2025-04-21 00:38:02,304:INFO: 170/260 (epoch 6), train_loss = 7.010733604431, time/batch = 0.421902418137
2025-04-21 00:38:05,961:INFO: 171/260 (epoch 6), train_loss = 0.307680189610, time/batch = 3.656935930252
2025-04-21 00:38:10,260:INFO: 172/260 (epoch 6), train_loss = 46.089221954346, time/batch = 4.298582553864
2025-04-21 00:38:13,417:INFO: 173/260 (epoch 6), train_loss = -0.340219914913, time/batch = 3.156940937042
2025-04-21 00:38:21,467:INFO: 174/260 (epoch 6), train_loss = 2.680781126022, time/batch = 8.050235986710
2025-04-21 00:38:28,548:INFO: 175/260 (epoch 6), train_loss = 4.130735874176, time/batch = 7.081006765366
2025-04-21 00:38:33,597:INFO: 176/260 (epoch 6), train_loss = -1.685239911079, time/batch = 5.032957792282
2025-04-21 00:38:41,725:INFO: 177/260 (epoch 6), train_loss = 45.900562286377, time/batch = 8.128081560135
2025-04-21 00:38:45,413:INFO: 178/260 (epoch 6), train_loss = -0.668174743652, time/batch = 3.688182353973
2025-04-21 00:38:53,653:INFO: 179/260 (epoch 6), train_loss = -1.092858672142, time/batch = 8.240427017212
2025-04-21 00:38:54,951:INFO: 180/260 (epoch 6), train_loss = -1.759496569633, time/batch = 1.298123359680
2025-04-21 00:39:01,048:INFO: 181/260 (epoch 6), train_loss = -2.017730951309, time/batch = 6.096318721771
2025-04-21 00:39:01,048:INFO: (epoch 6), loss = 6.531
2025-04-21 00:39:01,048:INFO: Best epoch 0, Best loss 2.4532792636981378
2025-04-21 00:39:01,048:INFO: Saving model
2025-04-21 00:39:04,816:INFO: 182/260 (epoch 7), train_loss = -1.775635361671, time/batch = 3.737514734268
2025-04-21 00:39:05,270:INFO: 183/260 (epoch 7), train_loss = -2.310839176178, time/batch = 0.453577041626
2025-04-21 00:39:09,538:INFO: 184/260 (epoch 7), train_loss = -2.579333305359, time/batch = 4.267488718033
2025-04-21 00:39:14,152:INFO: 185/260 (epoch 7), train_loss = 46.158786773682, time/batch = 4.614118814468
2025-04-21 00:39:17,434:INFO: 186/260 (epoch 7), train_loss = -2.751084327698, time/batch = 3.282516241074
2025-04-21 00:39:25,767:INFO: 187/260 (epoch 7), train_loss = -3.574249744415, time/batch = 8.333177566528
2025-04-21 00:39:32,989:INFO: 188/260 (epoch 7), train_loss = -2.645982027054, time/batch = 7.221798181534
2025-04-21 00:39:38,164:INFO: 189/260 (epoch 7), train_loss = -2.323524236679, time/batch = 5.174731016159
2025-04-21 00:39:46,511:INFO: 190/260 (epoch 7), train_loss = 45.928070068359, time/batch = 8.346788644791
2025-04-21 00:39:50,278:INFO: 191/260 (epoch 7), train_loss = -1.555760145187, time/batch = 3.767348527908
2025-04-21 00:39:58,632:INFO: 192/260 (epoch 7), train_loss = -3.259284496307, time/batch = 8.353879213333
2025-04-21 00:39:59,695:INFO: 193/260 (epoch 7), train_loss = -2.524981498718, time/batch = 1.063518047333
2025-04-21 00:40:06,076:INFO: 194/260 (epoch 7), train_loss = -3.210267543793, time/batch = 6.380137443542
2025-04-21 00:40:09,513:INFO: 195/260 (epoch 7), train_loss = -3.125109195709, time/batch = 3.436964035034
2025-04-21 00:40:09,920:INFO: 196/260 (epoch 7), train_loss = -3.762865304947, time/batch = 0.407885551453
2025-04-21 00:40:13,842:INFO: 197/260 (epoch 7), train_loss = -3.814024448395, time/batch = 3.921759843826
2025-04-21 00:40:18,184:INFO: 198/260 (epoch 7), train_loss = 46.153720855713, time/batch = 4.341461896896
2025-04-21 00:40:21,617:INFO: 199/260 (epoch 7), train_loss = -2.953786373138, time/batch = 3.433258056641
2025-04-21 00:40:29,947:INFO: 200/260 (epoch 7), train_loss = -2.640587329865, time/batch = 8.329658746719
2025-04-21 00:40:37,077:INFO: 201/260 (epoch 7), train_loss = -2.002557992935, time/batch = 7.130954027176
2025-04-21 00:40:42,191:INFO: 202/260 (epoch 7), train_loss = -3.114125967026, time/batch = 5.113130807877
2025-04-21 00:40:50,368:INFO: 203/260 (epoch 7), train_loss = 45.904567718506, time/batch = 8.176890373230
2025-04-21 00:40:54,252:INFO: 204/260 (epoch 7), train_loss = -3.751663208008, time/batch = 3.884943962097
2025-04-21 00:41:03,130:INFO: 205/260 (epoch 7), train_loss = -0.786592721939, time/batch = 8.877541065216
2025-04-21 00:41:04,193:INFO: 206/260 (epoch 7), train_loss = -2.202564239502, time/batch = 1.062568664551
2025-04-21 00:41:10,116:INFO: 207/260 (epoch 7), train_loss = -2.836961984634, time/batch = 5.923238515854
2025-04-21 00:41:10,116:INFO: (epoch 7), loss = 4.794
2025-04-21 00:41:10,116:INFO: Best epoch 0, Best loss 2.4532792636981378
2025-04-21 00:41:10,116:INFO: Saving model
2025-04-21 00:41:13,514:INFO: 208/260 (epoch 8), train_loss = -2.099242210388, time/batch = 3.366905689240
2025-04-21 00:41:13,921:INFO: 209/260 (epoch 8), train_loss = -2.864448308945, time/batch = 0.406720876694
2025-04-21 00:41:17,674:INFO: 210/260 (epoch 8), train_loss = -3.655720472336, time/batch = 3.753676891327
2025-04-21 00:41:22,036:INFO: 211/260 (epoch 8), train_loss = 46.200370788574, time/batch = 4.361493349075
2025-04-21 00:41:25,257:INFO: 212/260 (epoch 8), train_loss = 13.790100097656, time/batch = 3.221147298813
2025-04-21 00:41:33,401:INFO: 213/260 (epoch 8), train_loss = 18.059869766235, time/batch = 8.144050598145
2025-04-21 00:41:41,844:INFO: 214/260 (epoch 8), train_loss = 11.005763053894, time/batch = 8.442839860916
2025-04-21 00:41:47,137:INFO: 215/260 (epoch 8), train_loss = 5.333866119385, time/batch = 5.292632818222
2025-04-21 00:41:56,679:INFO: 216/260 (epoch 8), train_loss = 45.968708038330, time/batch = 9.542559623718
2025-04-21 00:42:00,582:INFO: 217/260 (epoch 8), train_loss = -3.225661993027, time/batch = 3.902544260025
2025-04-21 00:42:09,291:INFO: 218/260 (epoch 8), train_loss = -2.933712005615, time/batch = 8.709281206131
2025-04-21 00:42:10,352:INFO: 219/260 (epoch 8), train_loss = -3.067701339722, time/batch = 1.061061382294
2025-04-21 00:42:16,528:INFO: 220/260 (epoch 8), train_loss = -3.335581064224, time/batch = 6.175945758820
2025-04-21 00:42:20,657:INFO: 221/260 (epoch 8), train_loss = -3.391154050827, time/batch = 4.127605676651
2025-04-21 00:42:21,059:INFO: 222/260 (epoch 8), train_loss = -2.707219362259, time/batch = 0.401436090469
2025-04-21 00:42:25,160:INFO: 223/260 (epoch 8), train_loss = -3.042151927948, time/batch = 4.100251197815
2025-04-21 00:42:29,419:INFO: 224/260 (epoch 8), train_loss = 46.084194183350, time/batch = 4.258982896805
2025-04-21 00:42:32,679:INFO: 225/260 (epoch 8), train_loss = -3.471994400024, time/batch = 3.260085582733
2025-04-21 00:42:41,649:INFO: 226/260 (epoch 8), train_loss = -3.352835893631, time/batch = 8.970432281494
2025-04-21 00:42:49,795:INFO: 227/260 (epoch 8), train_loss = -3.150466442108, time/batch = 8.145421266556
2025-04-21 00:42:56,179:INFO: 228/260 (epoch 8), train_loss = -3.643775939941, time/batch = 6.383446216583
2025-04-21 00:43:04,360:INFO: 229/260 (epoch 8), train_loss = 45.876533508301, time/batch = 8.181142807007
2025-04-21 00:43:08,550:INFO: 230/260 (epoch 8), train_loss = -3.217962980270, time/batch = 4.190316438675
2025-04-21 00:43:16,768:INFO: 231/260 (epoch 8), train_loss = -3.538338661194, time/batch = 8.217712879181
2025-04-21 00:43:17,808:INFO: 232/260 (epoch 8), train_loss = -3.476839303970, time/batch = 1.039912939072
2025-04-21 00:43:23,906:INFO: 233/260 (epoch 8), train_loss = -3.274539947510, time/batch = 6.096803188324
2025-04-21 00:43:23,906:INFO: (epoch 8), loss = 6.726
2025-04-21 00:43:23,907:INFO: Best epoch 0, Best loss 2.4532792636981378
2025-04-21 00:43:23,907:INFO: Saving model
2025-04-21 00:43:27,302:INFO: 234/260 (epoch 9), train_loss = -3.129655122757, time/batch = 3.366315841675
2025-04-21 00:43:27,713:INFO: 235/260 (epoch 9), train_loss = -3.269529104233, time/batch = 0.410795450211
2025-04-21 00:43:31,331:INFO: 236/260 (epoch 9), train_loss = -3.440975666046, time/batch = 3.616924047470
2025-04-21 00:43:35,757:INFO: 237/260 (epoch 9), train_loss = 46.076335906982, time/batch = 4.426174402237
2025-04-21 00:43:38,913:INFO: 238/260 (epoch 9), train_loss = -3.150815963745, time/batch = 3.154992818832
2025-04-21 00:43:47,060:INFO: 239/260 (epoch 9), train_loss = -3.516641616821, time/batch = 8.147616147995
2025-04-21 00:43:56,981:INFO: 240/260 (epoch 9), train_loss = -2.098648786545, time/batch = 9.920312166214
2025-04-21 00:44:02,231:INFO: 241/260 (epoch 9), train_loss = -2.232882738113, time/batch = 5.250058412552
2025-04-21 00:44:10,698:INFO: 242/260 (epoch 9), train_loss = 45.934276580811, time/batch = 8.467284679413
2025-04-21 00:44:14,335:INFO: 243/260 (epoch 9), train_loss = -3.814045667648, time/batch = 3.635875225067
2025-04-21 00:44:22,804:INFO: 244/260 (epoch 9), train_loss = -2.713186502457, time/batch = 8.469404697418
2025-04-21 00:44:23,874:INFO: 245/260 (epoch 9), train_loss = -2.170821905136, time/batch = 1.068528413773
2025-04-21 00:44:29,809:INFO: 246/260 (epoch 9), train_loss = -4.195593357086, time/batch = 5.934616804123
2025-04-21 00:44:33,253:INFO: 247/260 (epoch 9), train_loss = -4.203020095825, time/batch = 3.443875312805
2025-04-21 00:44:33,659:INFO: 248/260 (epoch 9), train_loss = -4.111993789673, time/batch = 0.404458999634
2025-04-21 00:44:37,429:INFO: 249/260 (epoch 9), train_loss = -4.352366924286, time/batch = 3.770237922668
2025-04-21 00:44:41,903:INFO: 250/260 (epoch 9), train_loss = 46.059368133545, time/batch = 4.473965167999
2025-04-21 00:44:44,962:INFO: 251/260 (epoch 9), train_loss = -1.301050901413, time/batch = 3.057975292206
2025-04-21 00:44:53,197:INFO: 252/260 (epoch 9), train_loss = -1.926625251770, time/batch = 8.234657287598
2025-04-21 00:45:00,684:INFO: 253/260 (epoch 9), train_loss = -1.511077761650, time/batch = 7.485764265060
2025-04-21 00:45:05,951:INFO: 254/260 (epoch 9), train_loss = -1.764280676842, time/batch = 5.266777515411
2025-04-21 00:45:14,411:INFO: 255/260 (epoch 9), train_loss = 45.978466033936, time/batch = 8.459091186523
2025-04-21 00:45:18,162:INFO: 256/260 (epoch 9), train_loss = -4.435790061951, time/batch = 3.751202344894
2025-04-21 00:45:26,464:INFO: 257/260 (epoch 9), train_loss = -1.413413286209, time/batch = 8.302192687988
2025-04-21 00:45:27,511:INFO: 258/260 (epoch 9), train_loss = -2.327133655548, time/batch = 1.046954154968
2025-04-21 00:45:33,764:INFO: 259/260 (epoch 9), train_loss = -3.240651845932, time/batch = 6.252402305603
2025-04-21 00:45:33,764:INFO: (epoch 9), loss = 4.605
2025-04-21 00:45:33,764:INFO: Best epoch 0, Best loss 2.4532792636981378
2025-04-21 00:45:33,764:INFO: Saving model
2025-04-21 00:45:33,779:INFO: Best epoch 0, Best loss 2.4532792636981378
2025-04-21 16:30:26,006:INFO: Training begin
2025-04-21 16:30:32,287:INFO: 0/260 (epoch 0), train_loss = 3.590157508850, time/batch = 6.281584501266
2025-04-21 16:30:35,710:INFO: 1/260 (epoch 0), train_loss = 3.566318988800, time/batch = 3.422555446625
2025-04-21 16:30:36,319:INFO: 2/260 (epoch 0), train_loss = 3.483072757721, time/batch = 0.609415769577
2025-04-21 16:30:40,649:INFO: 3/260 (epoch 0), train_loss = 3.409304618835, time/batch = 4.329758882523
2025-04-21 16:30:49,028:INFO: 4/260 (epoch 0), train_loss = 3.593544006348, time/batch = 8.378863334656
2025-04-21 16:30:50,090:INFO: 5/260 (epoch 0), train_loss = 3.281444787979, time/batch = 1.062571763992
2025-04-21 16:30:53,842:INFO: 6/260 (epoch 0), train_loss = 3.258989810944, time/batch = 3.751049518585
2025-04-21 16:30:59,828:INFO: 7/260 (epoch 0), train_loss = 3.212875604630, time/batch = 5.986088752747
2025-04-21 16:31:08,332:INFO: 8/260 (epoch 0), train_loss = 3.150344610214, time/batch = 8.504415273666
2025-04-21 16:31:15,835:INFO: 9/260 (epoch 0), train_loss = 3.089298725128, time/batch = 7.502944469452
2025-04-21 16:31:19,102:INFO: 10/260 (epoch 0), train_loss = 3.004936456680, time/batch = 3.266892194748
2025-04-21 16:31:24,134:INFO: 11/260 (epoch 0), train_loss = 2.914126873016, time/batch = 5.032466888428
2025-04-21 16:31:32,672:INFO: 12/260 (epoch 0), train_loss = 2.798452854156, time/batch = 8.537897825241
2025-04-21 16:31:37,064:INFO: 13/260 (epoch 0), train_loss = 3.290415525436, time/batch = 4.391834735870
2025-04-21 16:31:40,505:INFO: 14/260 (epoch 0), train_loss = 2.507043838501, time/batch = 3.440801382065
2025-04-21 16:31:40,927:INFO: 15/260 (epoch 0), train_loss = 2.316776275635, time/batch = 0.406275272369
2025-04-21 16:31:44,662:INFO: 16/260 (epoch 0), train_loss = 2.057472229004, time/batch = 3.735544204712
2025-04-21 16:31:52,899:INFO: 17/260 (epoch 0), train_loss = 3.057825088501, time/batch = 8.236797571182
2025-04-21 16:31:53,930:INFO: 18/260 (epoch 0), train_loss = 1.836649894714, time/batch = 1.031319618225
2025-04-21 16:31:57,541:INFO: 19/260 (epoch 0), train_loss = 1.914323687553, time/batch = 3.610576152802
2025-04-21 16:32:03,558:INFO: 20/260 (epoch 0), train_loss = 1.829492807388, time/batch = 6.017455339432
2025-04-21 16:32:11,999:INFO: 21/260 (epoch 0), train_loss = 1.583360671997, time/batch = 8.440992593765
2025-04-21 16:32:19,539:INFO: 22/260 (epoch 0), train_loss = 1.456268548965, time/batch = 7.539142131805
2025-04-21 16:32:22,948:INFO: 23/260 (epoch 0), train_loss = 1.313130378723, time/batch = 3.409818887711
2025-04-21 16:32:28,357:INFO: 24/260 (epoch 0), train_loss = 1.189311146736, time/batch = 5.408111572266
2025-04-21 16:32:37,174:INFO: 25/260 (epoch 0), train_loss = 1.088925242424, time/batch = 8.817501783371
2025-04-21 16:32:37,174:INFO: (epoch 0), loss = 2.607
2025-04-21 16:32:37,182:INFO: Best epoch 0, Best loss 2.6074562668800354
2025-04-21 16:32:37,182:INFO: Saving model
2025-04-21 16:32:42,223:INFO: 26/260 (epoch 1), train_loss = 8.256573677063, time/batch = 4.937703132629
2025-04-21 16:32:45,708:INFO: 27/260 (epoch 1), train_loss = 1.246921181679, time/batch = 3.469814062119
2025-04-21 16:32:46,115:INFO: 28/260 (epoch 1), train_loss = 1.146846175194, time/batch = 0.406695127487
2025-04-21 16:32:49,804:INFO: 29/260 (epoch 1), train_loss = 0.988710105419, time/batch = 3.688843965530
2025-04-21 16:32:57,871:INFO: 30/260 (epoch 1), train_loss = 5.824910163879, time/batch = 8.067674636841
2025-04-21 16:32:58,920:INFO: 31/260 (epoch 1), train_loss = 0.647541224957, time/batch = 1.048557758331
2025-04-21 16:33:02,578:INFO: 32/260 (epoch 1), train_loss = 0.702062845230, time/batch = 3.658482551575
2025-04-21 16:33:08,658:INFO: 33/260 (epoch 1), train_loss = 0.587272047997, time/batch = 6.079880237579
2025-04-21 16:33:17,099:INFO: 34/260 (epoch 1), train_loss = 0.560372412205, time/batch = 8.441025733948
2025-04-21 16:33:24,494:INFO: 35/260 (epoch 1), train_loss = 0.508966445923, time/batch = 7.395099878311
2025-04-21 16:33:27,792:INFO: 36/260 (epoch 1), train_loss = 0.396905958652, time/batch = 3.298035383224
2025-04-21 16:33:32,890:INFO: 37/260 (epoch 1), train_loss = 0.280618101358, time/batch = 5.097051620483
2025-04-21 16:33:41,958:INFO: 38/260 (epoch 1), train_loss = 0.131502866745, time/batch = 9.068591594696
2025-04-21 16:33:46,747:INFO: 39/260 (epoch 1), train_loss = 18.302528381348, time/batch = 4.788466215134
2025-04-21 16:33:50,608:INFO: 40/260 (epoch 1), train_loss = 0.475268393755, time/batch = 3.861154079437
2025-04-21 16:33:51,092:INFO: 41/260 (epoch 1), train_loss = 0.448697417974, time/batch = 0.484407901764
2025-04-21 16:33:54,890:INFO: 42/260 (epoch 1), train_loss = 0.403719395399, time/batch = 3.797656536102
2025-04-21 16:34:03,346:INFO: 43/260 (epoch 1), train_loss = 15.697254180908, time/batch = 8.455931663513
2025-04-21 16:34:04,503:INFO: 44/260 (epoch 1), train_loss = -0.234454974532, time/batch = 1.156822204590
2025-04-21 16:34:08,332:INFO: 45/260 (epoch 1), train_loss = 0.190937772393, time/batch = 3.829258680344
2025-04-21 16:34:14,741:INFO: 46/260 (epoch 1), train_loss = -0.016549512744, time/batch = 6.408749818802
2025-04-21 16:34:23,697:INFO: 47/260 (epoch 1), train_loss = -0.288457214832, time/batch = 8.956013202667
2025-04-21 16:34:31,388:INFO: 48/260 (epoch 1), train_loss = -0.322288960218, time/batch = 7.691284656525
2025-04-21 16:34:34,795:INFO: 49/260 (epoch 1), train_loss = -0.439092159271, time/batch = 3.407009601593
2025-04-21 16:34:40,204:INFO: 50/260 (epoch 1), train_loss = -0.557502686977, time/batch = 5.409474849701
2025-04-21 16:34:49,145:INFO: 51/260 (epoch 1), train_loss = -0.697930634022, time/batch = 8.940413475037
2025-04-21 16:34:49,145:INFO: (epoch 1), loss = 2.086
2025-04-21 16:34:49,145:INFO: Best epoch 1, Best loss 2.0862051002108135
2025-04-21 16:34:49,145:INFO: Saving model
2025-04-21 16:34:53,708:INFO: 52/260 (epoch 2), train_loss = 30.115621566772, time/batch = 4.516348123550
2025-04-21 16:34:57,349:INFO: 53/260 (epoch 2), train_loss = 0.788746714592, time/batch = 3.641314029694
2025-04-21 16:34:57,819:INFO: 54/260 (epoch 2), train_loss = 0.880877315998, time/batch = 0.469291687012
2025-04-21 16:35:01,804:INFO: 55/260 (epoch 2), train_loss = 0.875296533108, time/batch = 3.985522985458
2025-04-21 16:35:10,308:INFO: 56/260 (epoch 2), train_loss = 32.225486755371, time/batch = 8.503496885300
2025-04-21 16:35:11,417:INFO: 57/260 (epoch 2), train_loss = -0.964946210384, time/batch = 1.109449863434
2025-04-21 16:35:15,351:INFO: 58/260 (epoch 2), train_loss = 0.427385061979, time/batch = 3.933450937271
2025-04-21 16:35:21,994:INFO: 59/260 (epoch 2), train_loss = -0.018452854827, time/batch = 6.643935441971
2025-04-21 16:35:30,903:INFO: 60/260 (epoch 2), train_loss = -0.879801988602, time/batch = 8.908312320709
2025-04-21 16:35:38,874:INFO: 61/260 (epoch 2), train_loss = -0.909485757351, time/batch = 7.971202373505
2025-04-21 16:35:42,204:INFO: 62/260 (epoch 2), train_loss = -0.958647549152, time/batch = 3.329686164856
2025-04-21 16:35:47,752:INFO: 63/260 (epoch 2), train_loss = -1.024007201195, time/batch = 5.548631429672
2025-04-21 16:35:56,270:INFO: 64/260 (epoch 2), train_loss = -1.127146720886, time/batch = 8.517598152161
2025-04-21 16:36:00,788:INFO: 65/260 (epoch 2), train_loss = 23.210451126099, time/batch = 4.517946004868
2025-04-21 16:36:04,618:INFO: 66/260 (epoch 2), train_loss = 0.807436764240, time/batch = 3.829863309860
2025-04-21 16:36:05,024:INFO: 67/260 (epoch 2), train_loss = 0.887581050396, time/batch = 0.406293869019
2025-04-21 16:36:08,759:INFO: 68/260 (epoch 2), train_loss = 0.768865406513, time/batch = 3.735366582870
2025-04-21 16:36:17,607:INFO: 69/260 (epoch 2), train_loss = 38.576309204102, time/batch = 8.847604751587
2025-04-21 16:36:18,779:INFO: 70/260 (epoch 2), train_loss = -1.159057974815, time/batch = 1.171953678131
2025-04-21 16:36:23,406:INFO: 71/260 (epoch 2), train_loss = 0.302878677845, time/batch = 4.627333641052
2025-04-21 16:36:30,565:INFO: 72/260 (epoch 2), train_loss = -0.145238578320, time/batch = 7.158280134201
2025-04-21 16:36:39,819:INFO: 73/260 (epoch 2), train_loss = -1.083508729935, time/batch = 9.254562139511
2025-04-21 16:36:47,230:INFO: 74/260 (epoch 2), train_loss = -1.073133707047, time/batch = 7.410568714142
2025-04-21 16:36:50,497:INFO: 75/260 (epoch 2), train_loss = -1.141445994377, time/batch = 3.267601013184
2025-04-21 16:36:55,937:INFO: 76/260 (epoch 2), train_loss = -1.234488487244, time/batch = 5.439461469650
2025-04-21 16:37:04,628:INFO: 77/260 (epoch 2), train_loss = -1.376081347466, time/batch = 8.691407680511
2025-04-21 16:37:04,644:INFO: (epoch 2), loss = 4.491
2025-04-21 16:37:04,644:INFO: Best epoch 1, Best loss 2.0862051002108135
2025-04-21 16:37:04,644:INFO: Saving model
2025-04-21 16:37:09,224:INFO: 78/260 (epoch 3), train_loss = 18.237323760986, time/batch = 4.548863649368
2025-04-21 16:37:13,008:INFO: 79/260 (epoch 3), train_loss = 1.019839286804, time/batch = 3.784394502640
2025-04-21 16:37:13,478:INFO: 80/260 (epoch 3), train_loss = 1.239852070808, time/batch = 0.469875335693
2025-04-21 16:37:17,355:INFO: 81/260 (epoch 3), train_loss = 1.175521612167, time/batch = 3.876481294632
2025-04-21 16:37:26,123:INFO: 82/260 (epoch 3), train_loss = 42.101188659668, time/batch = 8.768429756165
2025-04-21 16:37:27,264:INFO: 83/260 (epoch 3), train_loss = -1.485441923141, time/batch = 1.140852928162
2025-04-21 16:37:30,986:INFO: 84/260 (epoch 3), train_loss = 0.588877201080, time/batch = 3.721994638443
2025-04-21 16:37:37,582:INFO: 85/260 (epoch 3), train_loss = -0.004834026098, time/batch = 6.596118450165
2025-04-21 16:37:46,429:INFO: 86/260 (epoch 3), train_loss = -1.377466678619, time/batch = 8.847468376160
2025-04-21 16:37:54,167:INFO: 87/260 (epoch 3), train_loss = -1.354068756104, time/batch = 7.737373113632
2025-04-21 16:37:57,386:INFO: 88/260 (epoch 3), train_loss = -1.409768700600, time/batch = 3.219451665878
2025-04-21 16:38:02,717:INFO: 89/260 (epoch 3), train_loss = -1.488520979881, time/batch = 5.330365657806
2025-04-21 16:38:11,087:INFO: 90/260 (epoch 3), train_loss = -1.589174985886, time/batch = 8.370387077332
2025-04-21 16:38:16,028:INFO: 91/260 (epoch 3), train_loss = 12.824092864990, time/batch = 4.940696477890
2025-04-21 16:38:19,654:INFO: 92/260 (epoch 3), train_loss = 1.518393158913, time/batch = 3.626122951508
2025-04-21 16:38:20,107:INFO: 93/260 (epoch 3), train_loss = 1.709171772003, time/batch = 0.453156948090
2025-04-21 16:38:24,093:INFO: 94/260 (epoch 3), train_loss = 1.574666380882, time/batch = 3.985700607300
2025-04-21 16:38:32,757:INFO: 95/260 (epoch 3), train_loss = 34.502170562744, time/batch = 8.664366722107
2025-04-21 16:38:33,788:INFO: 96/260 (epoch 3), train_loss = -1.644217491150, time/batch = 1.031318664551
2025-04-21 16:38:37,417:INFO: 97/260 (epoch 3), train_loss = 0.821640253067, time/batch = 3.628201246262
2025-04-21 16:38:43,654:INFO: 98/260 (epoch 3), train_loss = 0.053521130234, time/batch = 6.237630844116
2025-04-21 16:38:52,359:INFO: 99/260 (epoch 3), train_loss = -1.495971798897, time/batch = 8.704681396484
2025-04-21 16:38:59,909:INFO: 100/260 (epoch 3), train_loss = -1.437821149826, time/batch = 7.550051212311
2025-04-21 16:39:03,129:INFO: 101/260 (epoch 3), train_loss = -1.494184136391, time/batch = 3.219901561737
2025-04-21 16:39:08,723:INFO: 102/260 (epoch 3), train_loss = -1.592105865479, time/batch = 5.594133853912
2025-04-21 16:39:17,354:INFO: 103/260 (epoch 3), train_loss = -1.732047080994, time/batch = 8.631406307220
2025-04-21 16:39:17,354:INFO: (epoch 3), loss = 3.818
2025-04-21 16:39:17,354:INFO: Best epoch 1, Best loss 2.0862051002108135
2025-04-21 16:39:17,354:INFO: Saving model
2025-04-21 16:39:21,840:INFO: 104/260 (epoch 4), train_loss = 9.537778854370, time/batch = 4.439089536667
2025-04-21 16:39:25,280:INFO: 105/260 (epoch 4), train_loss = 1.594309806824, time/batch = 3.439137697220
2025-04-21 16:39:25,670:INFO: 106/260 (epoch 4), train_loss = 1.784728884697, time/batch = 0.390664339066
2025-04-21 16:39:29,389:INFO: 107/260 (epoch 4), train_loss = 1.744152069092, time/batch = 3.703662157059
2025-04-21 16:39:37,709:INFO: 108/260 (epoch 4), train_loss = 16.869972229004, time/batch = 8.319074869156
2025-04-21 16:39:38,771:INFO: 109/260 (epoch 4), train_loss = -1.606591224670, time/batch = 1.062571525574
2025-04-21 16:39:42,397:INFO: 110/260 (epoch 4), train_loss = 0.776875376701, time/batch = 3.626132249832
2025-04-21 16:39:48,573:INFO: 111/260 (epoch 4), train_loss = 0.004051080905, time/batch = 6.175883531570
2025-04-21 16:39:57,687:INFO: 112/260 (epoch 4), train_loss = -1.362708926201, time/batch = 9.113921403885
2025-04-21 16:40:04,957:INFO: 113/260 (epoch 4), train_loss = -1.357558131218, time/batch = 7.269680023193
2025-04-21 16:40:08,349:INFO: 114/260 (epoch 4), train_loss = -1.289718627930, time/batch = 3.392052173615
2025-04-21 16:40:13,773:INFO: 115/260 (epoch 4), train_loss = -1.288417816162, time/batch = 5.424187660217
2025-04-21 16:40:21,853:INFO: 116/260 (epoch 4), train_loss = -1.415570378304, time/batch = 8.079971313477
2025-04-21 16:40:26,496:INFO: 117/260 (epoch 4), train_loss = 6.583870410919, time/batch = 4.642653942108
2025-04-21 16:40:29,951:INFO: 118/260 (epoch 4), train_loss = 0.085567146540, time/batch = 3.455597639084
2025-04-21 16:40:30,357:INFO: 119/260 (epoch 4), train_loss = 0.147834748030, time/batch = 0.406277656555
2025-04-21 16:40:34,015:INFO: 120/260 (epoch 4), train_loss = 0.085170701146, time/batch = 3.657612800598
2025-04-21 16:40:42,550:INFO: 121/260 (epoch 4), train_loss = 8.509883880615, time/batch = 8.535166740417
2025-04-21 16:40:43,645:INFO: 122/260 (epoch 4), train_loss = -1.410398483276, time/batch = 1.094788074493
2025-04-21 16:40:47,271:INFO: 123/260 (epoch 4), train_loss = -0.200634405017, time/batch = 3.625672578812
2025-04-21 16:40:53,523:INFO: 124/260 (epoch 4), train_loss = -0.565406799316, time/batch = 6.251773118973
2025-04-21 16:41:01,729:INFO: 125/260 (epoch 4), train_loss = -1.254327297211, time/batch = 8.206582307816
2025-04-21 16:41:08,919:INFO: 126/260 (epoch 4), train_loss = -1.224567413330, time/batch = 7.189772605896
2025-04-21 16:41:12,154:INFO: 127/260 (epoch 4), train_loss = -1.258969783783, time/batch = 3.235063791275
2025-04-21 16:41:17,193:INFO: 128/260 (epoch 4), train_loss = -1.319092273712, time/batch = 5.039393901825
2025-04-21 16:41:25,291:INFO: 129/260 (epoch 4), train_loss = -1.426284193993, time/batch = 8.097704887390
2025-04-21 16:41:25,291:INFO: (epoch 4), loss = 1.182
2025-04-21 16:41:25,291:INFO: Best epoch 4, Best loss 1.1824595936430762
2025-04-21 16:41:25,291:INFO: Saving model
2025-04-21 16:41:29,714:INFO: 130/260 (epoch 5), train_loss = 4.513364315033, time/batch = 4.376184940338
2025-04-21 16:41:33,184:INFO: 131/260 (epoch 5), train_loss = 0.370640695095, time/batch = 3.469411849976
2025-04-21 16:41:33,590:INFO: 132/260 (epoch 5), train_loss = 0.518723487854, time/batch = 0.406278371811
2025-04-21 16:41:37,216:INFO: 133/260 (epoch 5), train_loss = 0.625933766365, time/batch = 3.626154661179
2025-04-21 16:41:45,530:INFO: 134/260 (epoch 5), train_loss = 3.779047012329, time/batch = 8.314124822617
2025-04-21 16:41:46,562:INFO: 135/260 (epoch 5), train_loss = -1.557956218719, time/batch = 1.031776666641
2025-04-21 16:41:50,142:INFO: 136/260 (epoch 5), train_loss = 0.359820067883, time/batch = 3.580433607101
2025-04-21 16:41:56,612:INFO: 137/260 (epoch 5), train_loss = -0.124582402408, time/batch = 6.470171689987
2025-04-21 16:42:04,915:INFO: 138/260 (epoch 5), train_loss = -1.353215575218, time/batch = 8.302981138229
2025-04-21 16:42:12,747:INFO: 139/260 (epoch 5), train_loss = -1.463267803192, time/batch = 7.831460237503
2025-04-21 16:42:15,889:INFO: 140/260 (epoch 5), train_loss = -1.485717654228, time/batch = 3.142493724823
2025-04-21 16:42:21,126:INFO: 141/260 (epoch 5), train_loss = -1.529602289200, time/batch = 5.236376523972
2025-04-21 16:42:29,269:INFO: 142/260 (epoch 5), train_loss = -1.626277923584, time/batch = 8.143430471420
2025-04-21 16:42:33,895:INFO: 143/260 (epoch 5), train_loss = 3.505286455154, time/batch = 4.625745534897
2025-04-21 16:42:37,319:INFO: 144/260 (epoch 5), train_loss = 0.636522769928, time/batch = 3.423599958420
2025-04-21 16:42:37,727:INFO: 145/260 (epoch 5), train_loss = 0.718500971794, time/batch = 0.408264398575
2025-04-21 16:42:41,321:INFO: 146/260 (epoch 5), train_loss = 0.634842038155, time/batch = 3.594665288925
2025-04-21 16:42:49,578:INFO: 147/260 (epoch 5), train_loss = 3.060691356659, time/batch = 8.256528615952
2025-04-21 16:42:50,594:INFO: 148/260 (epoch 5), train_loss = -1.825587749481, time/batch = 1.015690088272
2025-04-21 16:42:54,313:INFO: 149/260 (epoch 5), train_loss = 0.320948332548, time/batch = 3.719467163086
2025-04-21 16:43:00,643:INFO: 150/260 (epoch 5), train_loss = -0.226787775755, time/batch = 6.330069303513
2025-04-21 16:43:09,923:INFO: 151/260 (epoch 5), train_loss = -1.761481165886, time/batch = 9.279739856720
2025-04-21 16:43:17,463:INFO: 152/260 (epoch 5), train_loss = -1.737666010857, time/batch = 7.539684057236
2025-04-21 16:43:21,058:INFO: 153/260 (epoch 5), train_loss = -1.795467495918, time/batch = 3.594885349274
2025-04-21 16:43:26,325:INFO: 154/260 (epoch 5), train_loss = -1.884036421776, time/batch = 5.267899274826
2025-04-21 16:43:35,291:INFO: 155/260 (epoch 5), train_loss = -1.981626987457, time/batch = 8.965077877045
2025-04-21 16:43:35,291:INFO: (epoch 5), loss = -0.050
2025-04-21 16:43:35,291:INFO: Best epoch 5, Best loss -0.05034431557242687
2025-04-21 16:43:35,291:INFO: Saving model
2025-04-21 16:43:39,894:INFO: 156/260 (epoch 6), train_loss = 3.248131275177, time/batch = 4.556813478470
2025-04-21 16:43:43,647:INFO: 157/260 (epoch 6), train_loss = 2.523586273193, time/batch = 3.752641677856
2025-04-21 16:43:44,053:INFO: 158/260 (epoch 6), train_loss = 2.876421689987, time/batch = 0.406634092331
2025-04-21 16:43:47,836:INFO: 159/260 (epoch 6), train_loss = 2.960462808609, time/batch = 3.782787561417
2025-04-21 16:43:56,572:INFO: 160/260 (epoch 6), train_loss = 2.764606475830, time/batch = 8.736011981964
2025-04-21 16:43:57,713:INFO: 161/260 (epoch 6), train_loss = -2.308656930923, time/batch = 1.141121864319
2025-04-21 16:44:01,746:INFO: 162/260 (epoch 6), train_loss = 2.547213792801, time/batch = 4.032392263412
2025-04-21 16:44:08,264:INFO: 163/260 (epoch 6), train_loss = 1.362741708755, time/batch = 6.517951965332
2025-04-21 16:44:17,819:INFO: 164/260 (epoch 6), train_loss = -2.253330469131, time/batch = 9.555203199387
2025-04-21 16:44:25,463:INFO: 165/260 (epoch 6), train_loss = -2.224283218384, time/batch = 7.643564224243
2025-04-21 16:44:28,760:INFO: 166/260 (epoch 6), train_loss = -2.312779903412, time/batch = 3.297985553741
2025-04-21 16:44:34,262:INFO: 167/260 (epoch 6), train_loss = -2.439972877502, time/batch = 5.501952171326
2025-04-21 16:44:42,642:INFO: 168/260 (epoch 6), train_loss = -2.506132125854, time/batch = 8.379144430161
2025-04-21 16:44:47,487:INFO: 169/260 (epoch 6), train_loss = 2.865682363510, time/batch = 4.845044136047
2025-04-21 16:44:51,144:INFO: 170/260 (epoch 6), train_loss = 5.723254680634, time/batch = 3.657649278641
2025-04-21 16:44:51,582:INFO: 171/260 (epoch 6), train_loss = 5.614681243896, time/batch = 0.437530040741
2025-04-21 16:44:55,536:INFO: 172/260 (epoch 6), train_loss = 5.209737777710, time/batch = 3.954452514648
2025-04-21 16:45:04,431:INFO: 173/260 (epoch 6), train_loss = 2.321174621582, time/batch = 8.894662141800
2025-04-21 16:45:05,556:INFO: 174/260 (epoch 6), train_loss = -2.615671873093, time/batch = 1.125078439713
2025-04-21 16:45:09,510:INFO: 175/260 (epoch 6), train_loss = 3.353177785873, time/batch = 3.954301595688
2025-04-21 16:45:16,170:INFO: 176/260 (epoch 6), train_loss = 1.658734798431, time/batch = 6.659223794937
2025-04-21 16:45:24,641:INFO: 177/260 (epoch 6), train_loss = -2.222254514694, time/batch = 8.471125125885
2025-04-21 16:45:32,159:INFO: 178/260 (epoch 6), train_loss = -2.104779243469, time/batch = 7.517880439758
2025-04-21 16:45:35,409:INFO: 179/260 (epoch 6), train_loss = -2.253361940384, time/batch = 3.250670671463
2025-04-21 16:45:40,786:INFO: 180/260 (epoch 6), train_loss = -2.470218181610, time/batch = 5.376740932465
2025-04-21 16:45:50,087:INFO: 181/260 (epoch 6), train_loss = -2.561738014221, time/batch = 9.300983905792
2025-04-21 16:45:50,087:INFO: (epoch 6), loss = 0.644
2025-04-21 16:45:50,087:INFO: Best epoch 5, Best loss -0.05034431557242687
2025-04-21 16:45:50,087:INFO: Saving model
2025-04-21 16:45:54,838:INFO: 182/260 (epoch 7), train_loss = 2.395341634750, time/batch = 4.719520092010
2025-04-21 16:45:58,464:INFO: 183/260 (epoch 7), train_loss = 6.131270408630, time/batch = 3.626630067825
2025-04-21 16:45:58,902:INFO: 184/260 (epoch 7), train_loss = 6.127615928650, time/batch = 0.437529563904
2025-04-21 16:46:02,841:INFO: 185/260 (epoch 7), train_loss = 6.106033802032, time/batch = 3.938664674759
2025-04-21 16:46:11,468:INFO: 186/260 (epoch 7), train_loss = 2.004462242126, time/batch = 8.627382755280
2025-04-21 16:46:12,530:INFO: 187/260 (epoch 7), train_loss = -2.820020437241, time/batch = 1.062572479248
2025-04-21 16:46:16,267:INFO: 188/260 (epoch 7), train_loss = 4.339525222778, time/batch = 3.736655473709
2025-04-21 16:46:22,441:INFO: 189/260 (epoch 7), train_loss = 2.348641157150, time/batch = 6.174032926559
2025-04-21 16:46:31,273:INFO: 190/260 (epoch 7), train_loss = -2.226359844208, time/batch = 8.831885576248
2025-04-21 16:46:39,135:INFO: 191/260 (epoch 7), train_loss = -2.012290716171, time/batch = 7.861817836761
2025-04-21 16:46:42,357:INFO: 192/260 (epoch 7), train_loss = -2.143366336823, time/batch = 3.222506523132
2025-04-21 16:46:47,624:INFO: 193/260 (epoch 7), train_loss = -2.493971586227, time/batch = 5.266516447067
2025-04-21 16:46:56,048:INFO: 194/260 (epoch 7), train_loss = -2.823887109756, time/batch = 8.424229621887
2025-04-21 16:47:00,502:INFO: 195/260 (epoch 7), train_loss = 2.015431165695, time/batch = 4.454329013824
2025-04-21 16:47:04,004:INFO: 196/260 (epoch 7), train_loss = 9.718375205994, time/batch = 3.501554489136
2025-04-21 16:47:04,410:INFO: 197/260 (epoch 7), train_loss = 10.218473434448, time/batch = 0.406293630600
2025-04-21 16:47:08,255:INFO: 198/260 (epoch 7), train_loss = 10.544354438782, time/batch = 3.844911098480
2025-04-21 16:47:17,188:INFO: 199/260 (epoch 7), train_loss = 1.427835464478, time/batch = 8.932508468628
2025-04-21 16:47:18,298:INFO: 200/260 (epoch 7), train_loss = -2.291138648987, time/batch = 1.110213041306
2025-04-21 16:47:22,144:INFO: 201/260 (epoch 7), train_loss = 7.315706729889, time/batch = 3.845815181732
2025-04-21 16:47:29,601:INFO: 202/260 (epoch 7), train_loss = 4.134814739227, time/batch = 7.457506418228
2025-04-21 16:47:38,135:INFO: 203/260 (epoch 7), train_loss = -2.809270381927, time/batch = 8.534214735031
2025-04-21 16:47:45,340:INFO: 204/260 (epoch 7), train_loss = -2.760744333267, time/batch = 7.204994201660
2025-04-21 16:47:48,436:INFO: 205/260 (epoch 7), train_loss = -2.798705339432, time/batch = 3.095945596695
2025-04-21 16:47:53,516:INFO: 206/260 (epoch 7), train_loss = -2.873323678970, time/batch = 5.079529523849
2025-04-21 16:48:02,349:INFO: 207/260 (epoch 7), train_loss = -2.908237695694, time/batch = 8.832607269287
2025-04-21 16:48:02,349:INFO: (epoch 7), loss = 1.687
2025-04-21 16:48:02,349:INFO: Best epoch 5, Best loss -0.05034431557242687
2025-04-21 16:48:02,349:INFO: Saving model
2025-04-21 16:48:06,896:INFO: 208/260 (epoch 8), train_loss = 1.544605970383, time/batch = 4.516387224197
2025-04-21 16:48:10,383:INFO: 209/260 (epoch 8), train_loss = 6.574754238129, time/batch = 3.487094163895
2025-04-21 16:48:10,790:INFO: 210/260 (epoch 8), train_loss = 5.718017578125, time/batch = 0.406275987625
2025-04-21 16:48:14,433:INFO: 211/260 (epoch 8), train_loss = 4.410125255585, time/batch = 3.642915964127
2025-04-21 16:48:22,935:INFO: 212/260 (epoch 8), train_loss = 0.976564586163, time/batch = 8.502852916718
2025-04-21 16:48:23,998:INFO: 213/260 (epoch 8), train_loss = -1.090416669846, time/batch = 1.062778949738
2025-04-21 16:48:27,640:INFO: 214/260 (epoch 8), train_loss = -0.415747910738, time/batch = 3.641716241837
2025-04-21 16:48:34,421:INFO: 215/260 (epoch 8), train_loss = -2.001719713211, time/batch = 6.781378507614
2025-04-21 16:48:43,553:INFO: 216/260 (epoch 8), train_loss = 4.081126213074, time/batch = 9.120495796204
2025-04-21 16:48:50,820:INFO: 217/260 (epoch 8), train_loss = 5.431147098541, time/batch = 7.267572402954
2025-04-21 16:48:53,947:INFO: 218/260 (epoch 8), train_loss = 5.180761337280, time/batch = 3.126205682755
2025-04-21 16:48:59,245:INFO: 219/260 (epoch 8), train_loss = 3.583739519119, time/batch = 5.298714160919
2025-04-21 16:49:07,232:INFO: 220/260 (epoch 8), train_loss = 1.152972221375, time/batch = 7.986874580383
2025-04-21 16:49:11,608:INFO: 221/260 (epoch 8), train_loss = 1.169854998589, time/batch = 4.376245260239
2025-04-21 16:49:15,283:INFO: 222/260 (epoch 8), train_loss = 0.877149820328, time/batch = 3.674103975296
2025-04-21 16:49:15,720:INFO: 223/260 (epoch 8), train_loss = 1.741328716278, time/batch = 0.437543869019
2025-04-21 16:49:19,347:INFO: 224/260 (epoch 8), train_loss = 1.989810466766, time/batch = 3.610943794250
2025-04-21 16:49:27,755:INFO: 225/260 (epoch 8), train_loss = 0.838903486729, time/batch = 8.408562183380
2025-04-21 16:49:28,757:INFO: 226/260 (epoch 8), train_loss = -2.673574686050, time/batch = 1.002208232880
2025-04-21 16:49:32,414:INFO: 227/260 (epoch 8), train_loss = 0.747181057930, time/batch = 3.656948328018
2025-04-21 16:49:38,463:INFO: 228/260 (epoch 8), train_loss = -0.515810072422, time/batch = 6.048643350601
2025-04-21 16:49:46,903:INFO: 229/260 (epoch 8), train_loss = -2.118892192841, time/batch = 8.440218210220
2025-04-21 16:49:54,233:INFO: 230/260 (epoch 8), train_loss = -1.978123188019, time/batch = 7.330056905746
2025-04-21 16:49:57,560:INFO: 231/260 (epoch 8), train_loss = -2.143261671066, time/batch = 3.327240705490
2025-04-21 16:50:03,392:INFO: 232/260 (epoch 8), train_loss = -2.492753744125, time/batch = 5.831105947495
2025-04-21 16:50:11,535:INFO: 233/260 (epoch 8), train_loss = -2.826058626175, time/batch = 8.143418788910
2025-04-21 16:50:11,535:INFO: (epoch 8), loss = 1.068
2025-04-21 16:50:11,551:INFO: Best epoch 5, Best loss -0.05034431557242687
2025-04-21 16:50:11,551:INFO: Saving model
2025-04-21 16:50:16,069:INFO: 234/260 (epoch 9), train_loss = 0.638513982296, time/batch = 4.487036943436
2025-04-21 16:50:19,462:INFO: 235/260 (epoch 9), train_loss = 4.977671623230, time/batch = 3.392859935760
2025-04-21 16:50:19,868:INFO: 236/260 (epoch 9), train_loss = 6.020692825317, time/batch = 0.406293153763
2025-04-21 16:50:23,650:INFO: 237/260 (epoch 9), train_loss = 6.407655239105, time/batch = 3.782357215881
2025-04-21 16:50:31,918:INFO: 238/260 (epoch 9), train_loss = 0.278958767653, time/batch = 8.267922878265
2025-04-21 16:50:32,950:INFO: 239/260 (epoch 9), train_loss = -2.007730960846, time/batch = 1.031319856644
2025-04-21 16:50:36,546:INFO: 240/260 (epoch 9), train_loss = 4.543365955353, time/batch = 3.596545219421
2025-04-21 16:50:42,740:INFO: 241/260 (epoch 9), train_loss = 2.234137296677, time/batch = 6.193481683731
2025-04-21 16:50:50,992:INFO: 242/260 (epoch 9), train_loss = -2.905178070068, time/batch = 8.252465009689
2025-04-21 16:50:58,216:INFO: 243/260 (epoch 9), train_loss = -2.791639804840, time/batch = 7.223370552063
2025-04-21 16:51:01,435:INFO: 244/260 (epoch 9), train_loss = -2.628616809845, time/batch = 3.219406366348
2025-04-21 16:51:06,921:INFO: 245/260 (epoch 9), train_loss = -2.716576099396, time/batch = 5.486310005188
2025-04-21 16:51:14,925:INFO: 246/260 (epoch 9), train_loss = -2.968157291412, time/batch = 8.003288984299
2025-04-21 16:51:19,161:INFO: 247/260 (epoch 9), train_loss = 1.879293799400, time/batch = 4.236137151718
2025-04-21 16:51:22,646:INFO: 248/260 (epoch 9), train_loss = 4.318296432495, time/batch = 3.485455989838
2025-04-21 16:51:23,115:INFO: 249/260 (epoch 9), train_loss = 4.134105682373, time/batch = 0.468781232834
2025-04-21 16:51:26,834:INFO: 250/260 (epoch 9), train_loss = 3.362608909607, time/batch = 3.719494104385
2025-04-21 16:51:35,024:INFO: 251/260 (epoch 9), train_loss = 0.015149191022, time/batch = 8.189919948578
2025-04-21 16:51:36,056:INFO: 252/260 (epoch 9), train_loss = -3.080304384232, time/batch = 1.031317234039
2025-04-21 16:51:39,713:INFO: 253/260 (epoch 9), train_loss = 0.899254977703, time/batch = 3.657379388809
2025-04-21 16:51:45,919:INFO: 254/260 (epoch 9), train_loss = -0.380180686712, time/batch = 6.206390142441
2025-04-21 16:51:55,700:INFO: 255/260 (epoch 9), train_loss = -2.678390741348, time/batch = 9.780733346939
2025-04-21 16:52:02,827:INFO: 256/260 (epoch 9), train_loss = -2.521733999252, time/batch = 7.127344369888
2025-04-21 16:52:06,531:INFO: 257/260 (epoch 9), train_loss = -2.639901638031, time/batch = 3.703278779984
2025-04-21 16:52:11,595:INFO: 258/260 (epoch 9), train_loss = -2.978030681610, time/batch = 5.064302206039
2025-04-21 16:52:19,663:INFO: 259/260 (epoch 9), train_loss = -3.161540031433, time/batch = 8.068133115768
2025-04-21 16:52:19,663:INFO: (epoch 9), loss = 0.240
2025-04-21 16:52:19,663:INFO: Best epoch 5, Best loss -0.05034431557242687
2025-04-21 16:52:19,663:INFO: Saving model
2025-04-21 16:52:19,710:INFO: Best epoch 5, Best loss -0.05034431557242687
2025-04-22 21:35:23,611:INFO: Training begin
2025-04-22 21:35:34,685:INFO: 0/260 (epoch 0), train_loss = 3.303879737854, time/batch = 11.074049711227
2025-04-22 21:35:54,678:INFO: 1/260 (epoch 0), train_loss = 3.098788738251, time/batch = 19.991148233414
2025-04-22 21:36:01,873:INFO: 2/260 (epoch 0), train_loss = 2.978001356125, time/batch = 7.194999933243
2025-04-22 21:36:19,438:INFO: 3/260 (epoch 0), train_loss = 2.921730279922, time/batch = 17.563797235489
2025-04-22 21:36:31,531:INFO: 4/260 (epoch 0), train_loss = 2.782476663589, time/batch = 12.093024969101
2025-04-22 21:38:40,914:INFO: Training begin
2025-04-22 21:38:49,113:INFO: 0/260 (epoch 0), train_loss = 3.239793062210, time/batch = 8.198505640030
2025-04-22 21:38:51,280:INFO: 1/260 (epoch 0), train_loss = 3.054410219193, time/batch = 2.166280031204
2025-04-22 21:39:46,142:INFO: Training begin
2025-04-22 21:39:55,112:INFO: 0/260 (epoch 0), train_loss = 3.361135005951, time/batch = 8.969015598297
2025-04-22 21:39:57,265:INFO: 1/260 (epoch 0), train_loss = 3.264680624008, time/batch = 2.152919769287
2025-04-22 21:40:06,249:INFO: 2/260 (epoch 0), train_loss = 3.191830635071, time/batch = 8.983301401138
2025-04-22 21:40:07,053:INFO: 3/260 (epoch 0), train_loss = 3.110195636749, time/batch = 0.804074287415
2025-04-22 21:40:23,821:INFO: 4/260 (epoch 0), train_loss = 3.020918846130, time/batch = 16.767956972122
2025-04-22 21:40:36,142:INFO: 5/260 (epoch 0), train_loss = 3.609647512436, time/batch = 12.320248603821
2025-04-22 21:40:45,942:INFO: 6/260 (epoch 0), train_loss = 2.850684165955, time/batch = 9.800313711166
2025-04-22 21:41:06,704:INFO: 7/260 (epoch 0), train_loss = 2.810506582260, time/batch = 20.761641263962
2025-04-22 21:41:29,609:INFO: 8/260 (epoch 0), train_loss = 4.781544208527, time/batch = 22.905264139175
2025-04-22 21:41:37,019:INFO: 9/260 (epoch 0), train_loss = 2.650549888611, time/batch = 7.409533262253
2025-04-22 21:41:50,792:INFO: 10/260 (epoch 0), train_loss = 2.573824405670, time/batch = 13.772904396057
2025-04-22 21:42:12,395:INFO: 11/260 (epoch 0), train_loss = 2.472623109818, time/batch = 21.602636337280
2025-04-22 21:42:34,440:INFO: 12/260 (epoch 0), train_loss = 2.348909139633, time/batch = 22.045303106308
2025-04-22 21:42:43,848:INFO: 13/260 (epoch 0), train_loss = 2.151985406876, time/batch = 9.408211469650
2025-04-22 21:42:46,081:INFO: 14/260 (epoch 0), train_loss = 1.969352364540, time/batch = 2.232245683670
2025-04-22 21:42:55,461:INFO: 15/260 (epoch 0), train_loss = 1.620320796967, time/batch = 9.380784511566
2025-04-22 21:42:56,243:INFO: 16/260 (epoch 0), train_loss = 1.250443696976, time/batch = 0.781296014786
2025-04-22 21:43:11,474:INFO: 17/260 (epoch 0), train_loss = 1.050920009613, time/batch = 15.231147766113
2025-04-22 21:43:22,921:INFO: 18/260 (epoch 0), train_loss = 6.313833713531, time/batch = 11.446453094482
2025-04-22 21:43:31,783:INFO: 19/260 (epoch 0), train_loss = 0.912816643715, time/batch = 8.860147476196
2025-04-22 21:43:51,165:INFO: 20/260 (epoch 0), train_loss = 0.815285682678, time/batch = 19.382300138474
2025-04-22 21:44:14,349:INFO: 21/260 (epoch 0), train_loss = 15.162450790405, time/batch = 23.184192657471
2025-04-22 21:44:21,967:INFO: 22/260 (epoch 0), train_loss = 0.606590569019, time/batch = 7.616476774216
2025-04-22 21:44:35,053:INFO: 23/260 (epoch 0), train_loss = 0.451022535563, time/batch = 13.086352109909
2025-04-22 21:44:58,135:INFO: 24/260 (epoch 0), train_loss = 0.253220707178, time/batch = 23.081710577011
2025-04-22 21:45:21,435:INFO: 25/260 (epoch 0), train_loss = 0.065124839544, time/batch = 23.300485372543
2025-04-22 21:45:21,435:INFO: (epoch 0), loss = 2.795
2025-04-22 21:45:21,435:INFO: Best epoch 0, Best loss 2.7950160583624473
2025-04-22 21:45:21,436:INFO: Saving model
2025-04-22 21:45:31,771:INFO: 26/260 (epoch 1), train_loss = 0.627672314644, time/batch = 10.293006420135
2025-04-22 21:45:34,094:INFO: 27/260 (epoch 1), train_loss = -0.251435041428, time/batch = 2.323600292206
2025-04-22 21:45:43,824:INFO: 28/260 (epoch 1), train_loss = 0.459610909224, time/batch = 9.729656457901
2025-04-22 21:45:44,727:INFO: 29/260 (epoch 1), train_loss = 0.174610421062, time/batch = 0.902814626694
2025-04-22 21:46:00,311:INFO: 30/260 (epoch 1), train_loss = -0.425888866186, time/batch = 15.583779335022
2025-04-22 21:46:11,785:INFO: 31/260 (epoch 1), train_loss = 13.951132774353, time/batch = 11.474488496780
2025-04-22 21:46:20,837:INFO: 32/260 (epoch 1), train_loss = -0.741847455502, time/batch = 9.052101612091
2025-04-22 21:46:41,647:INFO: 33/260 (epoch 1), train_loss = 0.249103203416, time/batch = 20.808456897736
2025-04-22 21:47:07,602:INFO: 34/260 (epoch 1), train_loss = 44.925823211670, time/batch = 25.954066753387
2025-04-22 21:47:15,908:INFO: 35/260 (epoch 1), train_loss = 0.779638946056, time/batch = 8.305653095245
2025-04-22 21:47:29,522:INFO: 36/260 (epoch 1), train_loss = 0.695928931236, time/batch = 13.613075017929
2025-04-22 21:47:50,684:INFO: 37/260 (epoch 1), train_loss = 0.413608878851, time/batch = 21.162212133408
2025-04-22 21:48:14,539:INFO: 38/260 (epoch 1), train_loss = 0.121230274439, time/batch = 23.855154037476
2025-04-22 21:48:24,360:INFO: 39/260 (epoch 1), train_loss = -0.136124104261, time/batch = 9.820635080338
2025-04-22 21:48:26,375:INFO: 40/260 (epoch 1), train_loss = -0.278799146414, time/batch = 2.014600992203
2025-04-22 21:48:35,846:INFO: 41/260 (epoch 1), train_loss = -0.040764629841, time/batch = 9.471067905426
2025-04-22 21:48:36,527:INFO: 42/260 (epoch 1), train_loss = -0.165970131755, time/batch = 0.679912090302
2025-04-22 21:48:51,604:INFO: 43/260 (epoch 1), train_loss = -0.366678982973, time/batch = 15.077393531799
2025-04-22 21:49:02,081:INFO: 44/260 (epoch 1), train_loss = 14.298612594604, time/batch = 10.477259397507
2025-04-22 21:49:10,567:INFO: 45/260 (epoch 1), train_loss = -0.601150274277, time/batch = 8.485937356949
2025-04-22 21:49:28,837:INFO: 46/260 (epoch 1), train_loss = -0.822999835014, time/batch = 18.269781112671
2025-04-22 21:49:50,998:INFO: 47/260 (epoch 1), train_loss = 43.402908325195, time/batch = 22.161266326904
2025-04-22 21:49:58,243:INFO: 48/260 (epoch 1), train_loss = -0.869072794914, time/batch = 7.243288755417
2025-04-22 21:50:10,907:INFO: 49/260 (epoch 1), train_loss = -0.965470552444, time/batch = 12.664298295975
2025-04-22 21:50:31,452:INFO: 50/260 (epoch 1), train_loss = -1.082053303719, time/batch = 20.544666528702
2025-04-22 21:50:52,903:INFO: 51/260 (epoch 1), train_loss = -1.192369699478, time/batch = 21.450532674789
2025-04-22 21:50:52,904:INFO: (epoch 1), loss = 4.314
2025-04-22 21:50:52,904:INFO: Best epoch 0, Best loss 2.7950160583624473
2025-04-22 21:50:52,904:INFO: Saving model
2025-04-22 21:51:02,786:INFO: 52/260 (epoch 2), train_loss = 0.043059624732, time/batch = 9.848945617676
2025-04-22 21:51:05,205:INFO: 53/260 (epoch 2), train_loss = -1.249284744263, time/batch = 2.418142557144
2025-04-22 21:51:16,709:INFO: 54/260 (epoch 2), train_loss = 0.677650988102, time/batch = 11.503758907318
2025-04-22 21:51:17,643:INFO: 55/260 (epoch 2), train_loss = 0.683532595634, time/batch = 0.934117078781
2025-04-22 21:51:34,675:INFO: 56/260 (epoch 2), train_loss = 0.065235897899, time/batch = 17.030672788620
2025-04-22 21:51:45,338:INFO: 57/260 (epoch 2), train_loss = 15.574363708496, time/batch = 10.662147998810
2025-04-22 21:51:54,039:INFO: 58/260 (epoch 2), train_loss = -0.518656909466, time/batch = 8.700075626373
2025-04-22 21:52:12,702:INFO: 59/260 (epoch 2), train_loss = -1.222805500031, time/batch = 18.662104129791
2025-04-22 21:52:35,012:INFO: 60/260 (epoch 2), train_loss = 34.712661743164, time/batch = 22.309815883636
2025-04-22 21:52:42,167:INFO: 61/260 (epoch 2), train_loss = -1.030655503273, time/batch = 7.155030488968
2025-04-22 21:52:54,738:INFO: 62/260 (epoch 2), train_loss = -0.996292591095, time/batch = 12.571116924286
2025-04-22 21:53:14,984:INFO: 63/260 (epoch 2), train_loss = -1.020264625549, time/batch = 20.246158361435
2025-04-22 21:53:36,455:INFO: 64/260 (epoch 2), train_loss = -1.079065203667, time/batch = 21.470442533493
2025-04-22 21:53:47,283:INFO: 65/260 (epoch 2), train_loss = -0.495422810316, time/batch = 10.827189207077
2025-04-22 21:53:50,124:INFO: 66/260 (epoch 2), train_loss = -1.292797327042, time/batch = 2.841059923172
2025-04-22 21:54:00,888:INFO: 67/260 (epoch 2), train_loss = -0.279988646507, time/batch = 10.763483047485
2025-04-22 21:54:01,914:INFO: 68/260 (epoch 2), train_loss = -0.226930022240, time/batch = 1.026531219482
2025-04-22 21:54:17,095:INFO: 69/260 (epoch 2), train_loss = -0.635149836540, time/batch = 15.179926872253
2025-04-22 21:54:28,414:INFO: 70/260 (epoch 2), train_loss = 12.889782905579, time/batch = 11.318938493729
2025-04-22 21:54:37,436:INFO: 71/260 (epoch 2), train_loss = -0.958579421043, time/batch = 9.022562980652
2025-04-22 21:54:56,709:INFO: 72/260 (epoch 2), train_loss = -1.028248667717, time/batch = 19.272452592850
2025-04-22 21:55:19,214:INFO: 73/260 (epoch 2), train_loss = 27.814540863037, time/batch = 22.504219532013
2025-04-22 21:55:27,262:INFO: 74/260 (epoch 2), train_loss = -0.809031486511, time/batch = 8.048552036285
2025-04-22 21:55:39,840:INFO: 75/260 (epoch 2), train_loss = -0.912716269493, time/batch = 12.577554702759
2025-04-22 21:56:02,718:INFO: 76/260 (epoch 2), train_loss = -1.112719058990, time/batch = 22.876896858215
2025-04-22 21:56:29,521:INFO: 77/260 (epoch 2), train_loss = -1.279199719429, time/batch = 26.803048610687
2025-04-22 21:56:29,522:INFO: (epoch 2), loss = 2.935
2025-04-22 21:56:29,522:INFO: Best epoch 0, Best loss 2.7950160583624473
2025-04-22 21:56:29,522:INFO: Saving model
2025-04-22 21:56:40,817:INFO: 78/260 (epoch 3), train_loss = -0.693474054337, time/batch = 11.256707191467
2025-04-22 21:56:43,524:INFO: 79/260 (epoch 3), train_loss = -1.401701927185, time/batch = 2.704700469971
2025-04-22 21:56:53,616:INFO: 80/260 (epoch 3), train_loss = -0.302927881479, time/batch = 10.091604232788
2025-04-22 21:56:54,520:INFO: 81/260 (epoch 3), train_loss = -0.250959903002, time/batch = 0.903799295425
2025-04-22 21:57:10,579:INFO: 82/260 (epoch 3), train_loss = -0.557676911354, time/batch = 16.059492349625
2025-04-22 21:57:23,861:INFO: 83/260 (epoch 3), train_loss = 6.736168861389, time/batch = 13.281351804733
2025-04-22 21:57:34,658:INFO: 84/260 (epoch 3), train_loss = -0.828083515167, time/batch = 10.796678781509
2025-04-22 21:57:57,065:INFO: 85/260 (epoch 3), train_loss = -1.345133662224, time/batch = 22.407499790192
2025-04-22 21:58:21,317:INFO: 86/260 (epoch 3), train_loss = 10.570816993713, time/batch = 24.251324892044
2025-04-22 21:58:28,425:INFO: 87/260 (epoch 3), train_loss = -1.237756729126, time/batch = 7.108396768570
2025-04-22 21:58:40,987:INFO: 88/260 (epoch 3), train_loss = -1.263597607613, time/batch = 12.561151504517
2025-04-22 21:59:03,313:INFO: 89/260 (epoch 3), train_loss = -1.360313773155, time/batch = 22.325279712677
2025-04-22 21:59:26,726:INFO: 90/260 (epoch 3), train_loss = -1.492633581161, time/batch = 23.413182735443
2025-04-22 21:59:36,473:INFO: 91/260 (epoch 3), train_loss = -0.754157841206, time/batch = 9.746713876724
2025-04-22 21:59:38,717:INFO: 92/260 (epoch 3), train_loss = -1.732622623444, time/batch = 2.243643999100
2025-04-22 21:59:48,342:INFO: 93/260 (epoch 3), train_loss = -0.264202415943, time/batch = 9.624428749084
2025-04-22 21:59:49,254:INFO: 94/260 (epoch 3), train_loss = -0.130113258958, time/batch = 0.912235975266
2025-04-22 22:00:06,432:INFO: 95/260 (epoch 3), train_loss = -0.561345875263, time/batch = 17.178051948547
2025-04-22 22:00:17,855:INFO: 96/260 (epoch 3), train_loss = 3.982805728912, time/batch = 11.423566818237
2025-04-22 22:00:26,550:INFO: 97/260 (epoch 3), train_loss = -0.870557546616, time/batch = 8.694481134415
2025-04-22 22:00:44,775:INFO: 98/260 (epoch 3), train_loss = -1.544188976288, time/batch = 18.224787950516
2025-04-22 22:01:07,319:INFO: 99/260 (epoch 3), train_loss = 5.585581302643, time/batch = 22.543184041977
2025-04-22 22:01:14,994:INFO: 100/260 (epoch 3), train_loss = -1.530302524567, time/batch = 7.674170494080
2025-04-22 22:01:28,762:INFO: 101/260 (epoch 3), train_loss = -1.666169881821, time/batch = 13.767968654633
2025-04-22 22:01:51,874:INFO: 102/260 (epoch 3), train_loss = -1.767736315727, time/batch = 23.112053394318
2025-04-22 22:02:17,070:INFO: 103/260 (epoch 3), train_loss = -1.764491558075, time/batch = 25.196163892746
2025-04-22 22:02:17,070:INFO: (epoch 3), loss = 0.137
2025-04-22 22:02:17,070:INFO: Best epoch 3, Best loss 0.13673940472877943
2025-04-22 22:02:17,070:INFO: Saving model
2025-04-22 22:02:28,405:INFO: 104/260 (epoch 4), train_loss = -0.338742196560, time/batch = 11.295806646347
2025-04-22 22:02:30,229:INFO: 105/260 (epoch 4), train_loss = -2.066014289856, time/batch = 1.823301076889
2025-04-22 22:02:39,657:INFO: 106/260 (epoch 4), train_loss = -0.470672547817, time/batch = 9.426710128784
2025-04-22 22:02:40,392:INFO: 107/260 (epoch 4), train_loss = -0.740115582943, time/batch = 0.734051942825
2025-04-22 22:02:55,345:INFO: 108/260 (epoch 4), train_loss = -1.317676901817, time/batch = 14.952804088593
2025-04-22 22:03:07,455:INFO: 109/260 (epoch 4), train_loss = 3.025219440460, time/batch = 12.109561681747
2025-04-22 22:03:16,436:INFO: 110/260 (epoch 4), train_loss = -1.305308699608, time/batch = 8.979820251465
2025-04-22 22:04:35,363:INFO: Training begin
2025-04-22 22:04:56,784:INFO: 0/260 (epoch 0), train_loss = 1.586995124817, time/batch = 21.420707702637
2025-04-22 22:06:19,828:INFO: Training begin
2025-04-22 22:06:28,383:INFO: 0/260 (epoch 0), train_loss = 1.678755640984, time/batch = 8.555499315262
2025-04-22 22:06:40,037:INFO: 1/260 (epoch 0), train_loss = 1.665431022644, time/batch = 11.652867555618
2025-04-22 22:06:42,491:INFO: 2/260 (epoch 0), train_loss = 1.560861349106, time/batch = 2.453410387039
2025-04-22 22:06:54,379:INFO: 3/260 (epoch 0), train_loss = 1.541226387024, time/batch = 11.888101816177
2025-04-22 22:07:13,910:INFO: 4/260 (epoch 0), train_loss = 1.476888895035, time/batch = 19.529413700104
2025-04-22 22:07:43,356:INFO: 5/260 (epoch 0), train_loss = 1.370347380638, time/batch = 29.446173191071
2025-04-22 22:08:03,012:INFO: 6/260 (epoch 0), train_loss = 1.295948266983, time/batch = 19.656401157379
2025-04-22 22:08:20,920:INFO: 7/260 (epoch 0), train_loss = 1.675809144974, time/batch = 17.908241987228
2025-04-22 22:08:52,732:INFO: 8/260 (epoch 0), train_loss = 1.797429919243, time/batch = 31.810850858688
2025-04-22 22:09:16,637:INFO: 9/260 (epoch 0), train_loss = 1.074981927872, time/batch = 23.904807806015
2025-04-22 22:09:29,759:INFO: 10/260 (epoch 0), train_loss = 1.037510871887, time/batch = 13.120906114578
2025-04-22 22:09:30,751:INFO: 11/260 (epoch 0), train_loss = 0.978494763374, time/batch = 0.992465019226
2025-04-22 22:10:02,395:INFO: 12/260 (epoch 0), train_loss = 0.777582466602, time/batch = 31.643690109253
2025-04-22 22:10:11,950:INFO: 13/260 (epoch 0), train_loss = 0.756596446037, time/batch = 9.554809331894
2025-04-22 22:10:23,949:INFO: 14/260 (epoch 0), train_loss = 0.770444333553, time/batch = 11.999191761017
2025-04-22 22:10:27,159:INFO: 15/260 (epoch 0), train_loss = 0.655251383781, time/batch = 3.209582805634
2025-04-22 22:10:38,981:INFO: 16/260 (epoch 0), train_loss = 0.593062341213, time/batch = 11.821507453918
2025-04-22 22:10:58,217:INFO: 17/260 (epoch 0), train_loss = 0.423905998468, time/batch = 19.234676599503
2025-04-22 22:11:27,162:INFO: 18/260 (epoch 0), train_loss = 0.605096161366, time/batch = 28.945293903351
2025-04-22 22:11:44,592:INFO: 19/260 (epoch 0), train_loss = 0.541683912277, time/batch = 17.429533958435
2025-04-22 22:12:00,310:INFO: 20/260 (epoch 0), train_loss = 8.584033012390, time/batch = 15.717114210129
2025-04-22 22:12:32,590:INFO: 21/260 (epoch 0), train_loss = 9.814933776855, time/batch = 32.280092239380
2025-04-22 22:12:59,002:INFO: 22/260 (epoch 0), train_loss = 0.152846083045, time/batch = 26.411544799805
2025-04-22 22:13:13,032:INFO: 23/260 (epoch 0), train_loss = 0.362225919962, time/batch = 14.029191017151
2025-04-22 22:13:14,391:INFO: 24/260 (epoch 0), train_loss = 0.357435673475, time/batch = 1.359087228775
2025-04-22 22:13:45,577:INFO: 25/260 (epoch 0), train_loss = 0.110124677420, time/batch = 31.184859752655
2025-04-22 22:13:45,577:INFO: (epoch 0), loss = 1.602
2025-04-22 22:13:45,577:INFO: Best epoch 0, Best loss 1.6022656829311297
2025-04-22 22:13:45,578:INFO: Saving model
2025-04-22 22:13:57,490:INFO: 26/260 (epoch 1), train_loss = 0.083533860743, time/batch = 11.880177736282
2025-04-22 22:14:09,449:INFO: 27/260 (epoch 1), train_loss = 0.138470411301, time/batch = 11.958903074265
2025-04-22 22:14:11,952:INFO: 28/260 (epoch 1), train_loss = 0.058906666934, time/batch = 2.502201795578
2025-04-22 22:14:23,978:INFO: 29/260 (epoch 1), train_loss = 0.017280304804, time/batch = 12.025893926620
2025-04-22 22:14:43,629:INFO: 30/260 (epoch 1), train_loss = -0.102642521262, time/batch = 19.651548385620
2025-04-22 22:15:11,662:INFO: 31/260 (epoch 1), train_loss = 0.003927158192, time/batch = 28.032904148102
2025-04-22 22:15:27,478:INFO: 32/260 (epoch 1), train_loss = -0.000391250476, time/batch = 15.816187381744
2025-04-22 22:15:41,354:INFO: 33/260 (epoch 1), train_loss = 8.617955207825, time/batch = 13.875887632370
2025-04-22 22:16:12,869:INFO: 34/260 (epoch 1), train_loss = 18.718507766724, time/batch = 31.514358043671
2025-04-22 22:16:36,444:INFO: 35/260 (epoch 1), train_loss = -0.186773806810, time/batch = 23.573558568954
2025-04-22 22:16:48,410:INFO: 36/260 (epoch 1), train_loss = -0.201581820846, time/batch = 11.965440273285
2025-04-22 22:16:49,255:INFO: 37/260 (epoch 1), train_loss = -0.153958469629, time/batch = 0.844459772110
2025-04-22 22:17:19,712:INFO: 38/260 (epoch 1), train_loss = -0.301402568817, time/batch = 30.456581830978
2025-04-22 22:17:28,303:INFO: 39/260 (epoch 1), train_loss = -0.341109514236, time/batch = 8.590723037720
2025-04-22 22:17:39,500:INFO: 40/260 (epoch 1), train_loss = -0.183180004358, time/batch = 11.196972131729
2025-04-22 22:17:42,028:INFO: 41/260 (epoch 1), train_loss = -0.402637630701, time/batch = 2.527991771698
2025-04-22 22:17:54,984:INFO: 42/260 (epoch 1), train_loss = -0.167274251580, time/batch = 12.955799341202
2025-04-22 22:18:13,769:INFO: 43/260 (epoch 1), train_loss = -0.302270919085, time/batch = 18.783363342285
2025-04-22 22:18:39,839:INFO: 44/260 (epoch 1), train_loss = -0.469320535660, time/batch = 26.069679737091
2025-04-22 22:18:58,113:INFO: 45/260 (epoch 1), train_loss = -0.488268196583, time/batch = 18.274041414261
2025-04-22 22:19:12,067:INFO: 46/260 (epoch 1), train_loss = 13.126679420471, time/batch = 13.953339815140
2025-04-22 22:19:45,212:INFO: 47/260 (epoch 1), train_loss = 22.942792892456, time/batch = 33.143709182739
2025-04-22 22:20:10,727:INFO: 48/260 (epoch 1), train_loss = -0.612716495991, time/batch = 25.514593362808
2025-04-22 22:20:24,694:INFO: 49/260 (epoch 1), train_loss = -0.217217847705, time/batch = 13.967014789581
2025-04-22 22:20:25,683:INFO: 50/260 (epoch 1), train_loss = -0.165704086423, time/batch = 0.988514900208
2025-04-22 22:20:59,924:INFO: 51/260 (epoch 1), train_loss = -0.652479052544, time/batch = 34.241316080093
2025-04-22 22:20:59,924:INFO: (epoch 1), loss = 2.260
2025-04-22 22:20:59,925:INFO: Best epoch 0, Best loss 1.6022656829311297
2025-04-22 22:20:59,925:INFO: Saving model
2025-04-22 22:21:09,336:INFO: 52/260 (epoch 2), train_loss = -0.689199984074, time/batch = 9.373317003250
2025-04-22 22:21:22,726:INFO: 53/260 (epoch 2), train_loss = -0.143763899803, time/batch = 13.389931917191
2025-04-22 22:21:25,388:INFO: 54/260 (epoch 2), train_loss = -0.789352357388, time/batch = 2.660670518875
2025-04-22 22:21:38,850:INFO: 55/260 (epoch 2), train_loss = 0.011560349725, time/batch = 13.461609363556
2025-04-22 22:22:01,366:INFO: 56/260 (epoch 2), train_loss = -0.207214385271, time/batch = 22.516107082367
2025-04-22 22:22:33,315:INFO: 57/260 (epoch 2), train_loss = -0.819093167782, time/batch = 31.949317693710
2025-04-22 22:22:50,756:INFO: 58/260 (epoch 2), train_loss = -0.816099107265, time/batch = 17.441200494766
2025-04-22 22:23:07,177:INFO: 59/260 (epoch 2), train_loss = 18.320266723633, time/batch = 16.419266939163
2025-04-22 22:23:42,237:INFO: 60/260 (epoch 2), train_loss = 22.943122863770, time/batch = 35.059178113937
2025-04-22 22:24:08,593:INFO: 61/260 (epoch 2), train_loss = -0.954612553120, time/batch = 26.355392694473
2025-04-22 22:24:21,890:INFO: 62/260 (epoch 2), train_loss = 0.579300105572, time/batch = 13.296924591064
2025-04-22 22:24:22,885:INFO: 63/260 (epoch 2), train_loss = 0.710043430328, time/batch = 0.994614839554
2025-04-22 22:24:55,516:INFO: 64/260 (epoch 2), train_loss = -0.969660878181, time/batch = 32.630591392517
2025-04-22 22:25:04,534:INFO: 65/260 (epoch 2), train_loss = -1.011937022209, time/batch = 9.017716407776
2025-04-22 22:25:17,550:INFO: 66/260 (epoch 2), train_loss = 0.558279097080, time/batch = 13.015765428543
2025-04-22 22:25:20,708:INFO: 67/260 (epoch 2), train_loss = -1.051115393639, time/batch = 3.158282756805
2025-04-22 22:25:34,453:INFO: 68/260 (epoch 2), train_loss = 0.486841976643, time/batch = 13.744831085205
2025-04-22 22:25:57,093:INFO: 69/260 (epoch 2), train_loss = -0.094351246953, time/batch = 22.640236139297
2025-04-22 22:26:27,601:INFO: 70/260 (epoch 2), train_loss = -0.567543208599, time/batch = 30.506888628006
2025-04-22 22:26:46,681:INFO: 71/260 (epoch 2), train_loss = -0.325082898140, time/batch = 19.079630374908
2025-04-22 22:27:02,569:INFO: 72/260 (epoch 2), train_loss = 23.046445846558, time/batch = 15.888279199600
2025-04-22 22:27:40,933:INFO: 73/260 (epoch 2), train_loss = 22.980682373047, time/batch = 38.364213705063
2025-04-22 22:28:09,328:INFO: 74/260 (epoch 2), train_loss = -0.593336939812, time/batch = 28.393841505051
2025-04-22 22:28:23,140:INFO: 75/260 (epoch 2), train_loss = 0.159751623869, time/batch = 13.811061859131
2025-04-22 22:28:24,027:INFO: 76/260 (epoch 2), train_loss = 0.176677718759, time/batch = 0.885484218597
2025-04-22 22:28:54,829:INFO: 77/260 (epoch 2), train_loss = -0.810146510601, time/batch = 30.800954103470
2025-04-22 22:28:54,829:INFO: (epoch 2), loss = 3.082
2025-04-22 22:28:54,831:INFO: Best epoch 0, Best loss 1.6022656829311297
2025-04-22 22:28:54,831:INFO: Saving model
2025-04-22 22:29:05,035:INFO: 78/260 (epoch 3), train_loss = -0.902440369129, time/batch = 10.162322998047
2025-04-22 22:29:18,947:INFO: 79/260 (epoch 3), train_loss = 0.210228756070, time/batch = 13.911613941193
2025-04-22 22:29:21,894:INFO: 80/260 (epoch 3), train_loss = -1.077981472015, time/batch = 2.947242736816
2025-04-22 22:29:36,283:INFO: 81/260 (epoch 3), train_loss = 0.485237419605, time/batch = 14.389399051666
2025-04-22 22:29:57,308:INFO: 82/260 (epoch 3), train_loss = 0.102438159287, time/batch = 21.024712324142
2025-04-22 22:30:27,314:INFO: 83/260 (epoch 3), train_loss = -1.038246154785, time/batch = 30.003557205200
2025-04-22 22:30:45,492:INFO: 84/260 (epoch 3), train_loss = -1.037771224976, time/batch = 18.177901268005
2025-04-22 22:31:00,534:INFO: 85/260 (epoch 3), train_loss = 22.724597930908, time/batch = 15.042454719543
2025-04-22 22:31:33,315:INFO: 86/260 (epoch 3), train_loss = 22.990127563477, time/batch = 32.780612468719
2025-04-22 22:31:58,093:INFO: 87/260 (epoch 3), train_loss = -1.012577652931, time/batch = 24.778138399124
2025-04-22 22:32:10,260:INFO: 88/260 (epoch 3), train_loss = 0.852005243301, time/batch = 12.167053222656
2025-04-22 22:32:11,128:INFO: 89/260 (epoch 3), train_loss = 0.607350468636, time/batch = 0.868101119995
2025-04-22 22:32:41,040:INFO: 90/260 (epoch 3), train_loss = -1.042799234390, time/batch = 29.912228107452
2025-04-22 22:32:49,957:INFO: 91/260 (epoch 3), train_loss = -1.038626909256, time/batch = 8.916295766830
2025-04-22 22:33:01,520:INFO: 92/260 (epoch 3), train_loss = 0.126984313130, time/batch = 11.563262224197
2025-04-22 22:33:04,088:INFO: 93/260 (epoch 3), train_loss = -1.034878015518, time/batch = 2.567610263824
2025-04-22 22:33:16,658:INFO: 94/260 (epoch 3), train_loss = 0.043250158429, time/batch = 12.569575309753
2025-04-22 22:33:36,170:INFO: 95/260 (epoch 3), train_loss = -0.352582097054, time/batch = 19.512008666992
2025-04-22 22:34:03,644:INFO: 96/260 (epoch 3), train_loss = -0.833174943924, time/batch = 27.474098920822
2025-04-22 22:34:20,517:INFO: 97/260 (epoch 3), train_loss = -0.760910034180, time/batch = 16.871611118317
2025-04-22 22:34:34,930:INFO: 98/260 (epoch 3), train_loss = 22.133289337158, time/batch = 14.412063360214
2025-04-22 22:35:07,460:INFO: 99/260 (epoch 3), train_loss = 22.963184356689, time/batch = 32.530126810074
2025-04-22 22:35:34,183:INFO: 100/260 (epoch 3), train_loss = -0.964764714241, time/batch = 26.722895145416
2025-04-22 22:35:46,940:INFO: 101/260 (epoch 3), train_loss = 0.007696953136, time/batch = 12.757152795792
2025-04-22 22:35:47,904:INFO: 102/260 (epoch 3), train_loss = 0.063787393272, time/batch = 0.963455438614
2025-04-22 22:36:18,026:INFO: 103/260 (epoch 3), train_loss = -0.971048235893, time/batch = 30.119479894638
2025-04-22 22:36:18,026:INFO: (epoch 3), loss = 3.125
2025-04-22 22:36:18,026:INFO: Best epoch 0, Best loss 1.6022656829311297
2025-04-22 22:36:18,026:INFO: Saving model
2025-04-22 22:36:27,106:INFO: 104/260 (epoch 4), train_loss = -0.988549470901, time/batch = 9.047164201736
2025-04-22 22:36:38,883:INFO: 105/260 (epoch 4), train_loss = 0.197211816907, time/batch = 11.776060342789
2025-04-22 22:36:41,994:INFO: 106/260 (epoch 4), train_loss = -1.017431616783, time/batch = 3.110748052597
2025-04-22 22:36:54,799:INFO: 107/260 (epoch 4), train_loss = 0.349879533052, time/batch = 12.805100202560
2025-04-22 22:37:15,563:INFO: 108/260 (epoch 4), train_loss = -0.010723199695, time/batch = 20.762751817703
2025-04-22 22:37:41,385:INFO: 109/260 (epoch 4), train_loss = -1.005997776985, time/batch = 25.821447610855
2025-04-22 22:37:57,171:INFO: 110/260 (epoch 4), train_loss = -0.977251410484, time/batch = 15.786550998688
2025-04-22 22:38:10,830:INFO: 111/260 (epoch 4), train_loss = 17.599895477295, time/batch = 13.657743453979
2025-04-22 22:38:39,865:INFO: 112/260 (epoch 4), train_loss = 22.949607849121, time/batch = 29.034968376160
2025-04-22 22:39:03,112:INFO: 113/260 (epoch 4), train_loss = -1.070040225983, time/batch = 23.246109485626
2025-04-22 22:39:14,974:INFO: 114/260 (epoch 4), train_loss = 0.425416469574, time/batch = 11.860754966736
2025-04-22 22:39:15,836:INFO: 115/260 (epoch 4), train_loss = 0.432346910238, time/batch = 0.862337589264
2025-04-22 22:39:44,090:INFO: 116/260 (epoch 4), train_loss = -1.045283675194, time/batch = 28.252233743668
2025-04-22 22:39:52,503:INFO: 117/260 (epoch 4), train_loss = -1.064841270447, time/batch = 8.413499593735
2025-04-22 22:40:03,489:INFO: 118/260 (epoch 4), train_loss = 0.534109592438, time/batch = 10.984915494919
2025-04-22 22:40:05,871:INFO: 119/260 (epoch 4), train_loss = -1.158254623413, time/batch = 2.382308959961
2025-04-22 22:40:17,646:INFO: 120/260 (epoch 4), train_loss = 0.829178690910, time/batch = 11.773625850677
2025-04-22 22:40:36,321:INFO: 121/260 (epoch 4), train_loss = 0.408180385828, time/batch = 18.673496246338
2025-04-22 22:41:01,918:INFO: 122/260 (epoch 4), train_loss = -1.103842854500, time/batch = 25.597139596939
2025-04-22 22:41:18,025:INFO: 123/260 (epoch 4), train_loss = -1.040191173553, time/batch = 16.107356786728
2025-04-22 22:41:32,344:INFO: 124/260 (epoch 4), train_loss = 16.608980178833, time/batch = 14.318684816360
2025-04-22 22:42:07,728:INFO: 125/260 (epoch 4), train_loss = 22.961736679077, time/batch = 35.384730815887
2025-04-22 22:42:33,872:INFO: 126/260 (epoch 4), train_loss = -1.229704618454, time/batch = 26.143327474594
2025-04-22 22:42:47,577:INFO: 127/260 (epoch 4), train_loss = 1.383777260780, time/batch = 13.704805374146
2025-04-22 22:42:48,352:INFO: 128/260 (epoch 4), train_loss = 1.347521662712, time/batch = 0.775554418564
2025-04-22 22:43:18,496:INFO: 129/260 (epoch 4), train_loss = -1.232043266296, time/batch = 30.143814086914
2025-04-22 22:43:18,497:INFO: (epoch 4), loss = 2.811
2025-04-22 22:43:18,497:INFO: Best epoch 0, Best loss 1.6022656829311297
2025-04-22 22:43:18,497:INFO: Saving model
2025-04-22 22:43:29,012:INFO: 130/260 (epoch 5), train_loss = -1.245301485062, time/batch = 10.431270837784
2025-04-22 22:43:40,815:INFO: 131/260 (epoch 5), train_loss = 1.398914456367, time/batch = 11.803077220917
2025-04-22 22:43:43,822:INFO: 132/260 (epoch 5), train_loss = -1.299994826317, time/batch = 3.006926059723
2025-04-22 22:43:57,006:INFO: 133/260 (epoch 5), train_loss = 1.744806289673, time/batch = 13.183661937714
2025-04-22 22:44:16,988:INFO: 134/260 (epoch 5), train_loss = 1.033653974533, time/batch = 19.981939792633
2025-04-22 22:44:45,203:INFO: 135/260 (epoch 5), train_loss = -1.240421772003, time/batch = 28.214971542358
2025-04-22 22:45:01,715:INFO: 136/260 (epoch 5), train_loss = -1.135824799538, time/batch = 16.512659549713
2025-04-22 22:45:16,660:INFO: 137/260 (epoch 5), train_loss = 11.143982887268, time/batch = 14.944656848907
2025-04-22 22:45:49,533:INFO: 138/260 (epoch 5), train_loss = 22.990631103516, time/batch = 32.871893644333
2025-04-22 22:46:14,285:INFO: 139/260 (epoch 5), train_loss = -1.371201276779, time/batch = 24.751479148865
2025-04-22 22:46:29,206:INFO: 140/260 (epoch 5), train_loss = 2.228214740753, time/batch = 14.921236991882
2025-04-22 22:46:30,094:INFO: 141/260 (epoch 5), train_loss = 2.279220104218, time/batch = 0.886939764023
2025-04-22 22:46:58,731:INFO: 142/260 (epoch 5), train_loss = -1.386261940002, time/batch = 28.637002229691
2025-04-22 22:47:07,317:INFO: 143/260 (epoch 5), train_loss = -1.390245199203, time/batch = 8.586129188538
2025-04-22 22:47:18,452:INFO: 144/260 (epoch 5), train_loss = 2.362588882446, time/batch = 11.133580684662
2025-04-22 22:47:20,849:INFO: 145/260 (epoch 5), train_loss = -1.447341203690, time/batch = 2.396381378174
2025-04-22 22:47:32,811:INFO: 146/260 (epoch 5), train_loss = 2.496630430222, time/batch = 11.962118864059
2025-04-22 22:47:51,559:INFO: 147/260 (epoch 5), train_loss = 1.208904623985, time/batch = 18.748477935791
2025-04-22 22:48:17,469:INFO: 148/260 (epoch 5), train_loss = -0.935463309288, time/batch = 25.909150838852
2025-04-22 22:48:33,243:INFO: 149/260 (epoch 5), train_loss = -0.532787263393, time/batch = 15.774070978165
2025-04-22 22:48:47,124:INFO: 150/260 (epoch 5), train_loss = 6.191158771515, time/batch = 13.880064725876
2025-04-22 22:49:16,538:INFO: 151/260 (epoch 5), train_loss = 22.976190567017, time/batch = 29.414493083954
2025-04-22 22:49:42,415:INFO: 152/260 (epoch 5), train_loss = -0.754671335220, time/batch = 25.876277446747
2025-04-22 22:49:55,199:INFO: 153/260 (epoch 5), train_loss = 0.875232338905, time/batch = 12.784933567047
2025-04-22 22:49:56,088:INFO: 154/260 (epoch 5), train_loss = 0.801384925842, time/batch = 0.888667583466
2025-04-22 22:50:26,414:INFO: 155/260 (epoch 5), train_loss = -0.867227852345, time/batch = 30.326218128204
2025-04-22 22:50:26,414:INFO: (epoch 5), loss = 2.543
2025-04-22 22:50:26,414:INFO: Best epoch 0, Best loss 1.6022656829311297
2025-04-22 22:50:26,415:INFO: Saving model
2025-04-22 22:50:35,532:INFO: 156/260 (epoch 6), train_loss = -0.970155000687, time/batch = 9.083915472031
2025-04-22 22:50:48,164:INFO: 157/260 (epoch 6), train_loss = 0.507520437241, time/batch = 12.632034778595
2025-04-22 22:50:50,578:INFO: 158/260 (epoch 6), train_loss = -1.162670493126, time/batch = 2.413414239883
2025-04-22 22:51:06,306:INFO: 159/260 (epoch 6), train_loss = 0.636201977730, time/batch = 15.727692842484
2025-04-22 22:51:28,034:INFO: 160/260 (epoch 6), train_loss = 0.127794370055, time/batch = 21.728277206421
2025-04-22 22:51:56,973:INFO: 161/260 (epoch 6), train_loss = -1.064211964607, time/batch = 28.938701629639
2025-04-22 22:52:14,645:INFO: 162/260 (epoch 6), train_loss = -1.068001389503, time/batch = 17.669775247574
2025-04-22 22:52:31,066:INFO: 163/260 (epoch 6), train_loss = 2.529563188553, time/batch = 16.421053647995
2025-04-22 22:53:05,815:INFO: 164/260 (epoch 6), train_loss = 22.997371673584, time/batch = 34.748959064484
2025-04-22 22:53:32,112:INFO: 165/260 (epoch 6), train_loss = -1.094479203224, time/batch = 26.295653820038
2025-04-22 22:53:44,990:INFO: 166/260 (epoch 6), train_loss = 0.669501781464, time/batch = 12.876666784286
2025-04-22 22:53:45,904:INFO: 167/260 (epoch 6), train_loss = 0.584985673428, time/batch = 0.914931535721
2025-04-22 22:54:16,016:INFO: 168/260 (epoch 6), train_loss = -1.104402422905, time/batch = 30.111927032471
2025-04-22 22:54:25,595:INFO: 169/260 (epoch 6), train_loss = -1.102586269379, time/batch = 9.578904628754
2025-04-22 22:54:37,121:INFO: 170/260 (epoch 6), train_loss = 0.145793080330, time/batch = 11.525275230408
2025-04-22 22:54:39,537:INFO: 171/260 (epoch 6), train_loss = -1.148380994797, time/batch = 2.416625976562
2025-04-22 22:54:51,369:INFO: 172/260 (epoch 6), train_loss = 0.126453369856, time/batch = 11.831443071365
2025-04-22 22:55:09,875:INFO: 173/260 (epoch 6), train_loss = -0.301791906357, time/batch = 18.505558252335
2025-04-22 22:55:35,732:INFO: 174/260 (epoch 6), train_loss = -0.970323085785, time/batch = 25.856702089310
2025-04-22 22:55:51,482:INFO: 175/260 (epoch 6), train_loss = -0.900412797928, time/batch = 15.750004053116
2025-04-22 22:56:05,064:INFO: 176/260 (epoch 6), train_loss = 1.681110978127, time/batch = 13.581799030304
2025-04-22 22:56:37,254:INFO: 177/260 (epoch 6), train_loss = 23.024459838867, time/batch = 32.189578771591
2025-04-22 22:57:00,527:INFO: 178/260 (epoch 6), train_loss = -1.117971062660, time/batch = 23.271628379822
2025-04-22 22:57:12,451:INFO: 179/260 (epoch 6), train_loss = 0.320892810822, time/batch = 11.924195051193
2025-04-22 22:57:13,270:INFO: 180/260 (epoch 6), train_loss = 0.481418818235, time/batch = 0.819384574890
2025-04-22 22:57:42,839:INFO: 181/260 (epoch 6), train_loss = -1.227416753769, time/batch = 29.567113399506
2025-04-22 22:57:42,840:INFO: (epoch 6), loss = 1.562
2025-04-22 22:57:42,840:INFO: Best epoch 6, Best loss 1.561548640521673
2025-04-22 22:57:42,840:INFO: Saving model
2025-04-22 22:57:51,270:INFO: 182/260 (epoch 7), train_loss = -1.271255373955, time/batch = 8.387749671936
2025-04-22 22:58:02,184:INFO: 183/260 (epoch 7), train_loss = 0.787515938282, time/batch = 10.914877653122
2025-04-22 22:58:04,537:INFO: 184/260 (epoch 7), train_loss = -1.333225369453, time/batch = 2.351637601852
2025-04-22 22:58:16,332:INFO: 185/260 (epoch 7), train_loss = 1.203864932060, time/batch = 11.793818235397
2025-04-22 22:58:34,813:INFO: 186/260 (epoch 7), train_loss = 0.593612194061, time/batch = 18.481217622757
2025-04-22 22:59:00,454:INFO: 187/260 (epoch 7), train_loss = -1.303241372108, time/batch = 25.641286373138
2025-04-22 22:59:16,024:INFO: 188/260 (epoch 7), train_loss = -1.261477231979, time/batch = 15.568833112717
2025-04-22 22:59:29,575:INFO: 189/260 (epoch 7), train_loss = 1.235840201378, time/batch = 13.550739526749
2025-04-22 22:59:58,441:INFO: 190/260 (epoch 7), train_loss = 22.976167678833, time/batch = 28.866328716278
2025-04-22 23:00:21,521:INFO: 191/260 (epoch 7), train_loss = -1.426276683807, time/batch = 23.079546689987
2025-04-22 23:00:33,150:INFO: 192/260 (epoch 7), train_loss = 1.894891977310, time/batch = 11.628079175949
2025-04-22 23:00:33,973:INFO: 193/260 (epoch 7), train_loss = 2.037900686264, time/batch = 0.821906328201
2025-04-22 23:01:01,358:INFO: 194/260 (epoch 7), train_loss = -1.493338942528, time/batch = 27.384830951691
2025-04-22 23:01:09,760:INFO: 195/260 (epoch 7), train_loss = -1.535037517548, time/batch = 8.402452468872
2025-04-22 23:01:20,681:INFO: 196/260 (epoch 7), train_loss = 2.457633733749, time/batch = 10.920713186264
2025-04-22 23:01:23,104:INFO: 197/260 (epoch 7), train_loss = -1.615549206734, time/batch = 2.422789812088
2025-04-22 23:01:34,710:INFO: 198/260 (epoch 7), train_loss = 2.791155815125, time/batch = 11.605808258057
2025-04-22 23:01:53,225:INFO: 199/260 (epoch 7), train_loss = 1.411088824272, time/batch = 18.515255689621
2025-04-22 23:02:18,704:INFO: 200/260 (epoch 7), train_loss = -1.242178797722, time/batch = 25.478070259094
2025-04-22 23:02:34,301:INFO: 201/260 (epoch 7), train_loss = -0.979021012783, time/batch = 15.597083091736
2025-04-22 23:02:47,748:INFO: 202/260 (epoch 7), train_loss = 0.909786701202, time/batch = 13.447209596634
2025-04-22 23:03:16,526:INFO: 203/260 (epoch 7), train_loss = 22.981922149658, time/batch = 28.776350975037
2025-04-22 23:03:39,611:INFO: 204/260 (epoch 7), train_loss = -1.375376820564, time/batch = 23.085482597351
2025-04-22 23:03:51,353:INFO: 205/260 (epoch 7), train_loss = 2.777801275253, time/batch = 11.741916418076
2025-04-22 23:03:52,197:INFO: 206/260 (epoch 7), train_loss = 3.086210727692, time/batch = 0.843712806702
2025-04-22 23:04:19,762:INFO: 207/260 (epoch 7), train_loss = -1.645242452621, time/batch = 27.564559221268
2025-04-22 23:04:19,762:INFO: (epoch 7), loss = 1.949
2025-04-22 23:04:19,762:INFO: Best epoch 6, Best loss 1.561548640521673
2025-04-22 23:04:19,762:INFO: Saving model
2025-04-22 23:04:28,254:INFO: 208/260 (epoch 8), train_loss = -1.729320526123, time/batch = 8.459630489349
2025-04-22 23:04:39,181:INFO: 209/260 (epoch 8), train_loss = 3.529113292694, time/batch = 10.927471160889
2025-04-22 23:04:41,524:INFO: 210/260 (epoch 8), train_loss = -1.819876790047, time/batch = 2.341345071793
2025-04-22 23:04:53,134:INFO: 211/260 (epoch 8), train_loss = 3.567482471466, time/batch = 11.609815835953
2025-04-22 23:05:11,526:INFO: 212/260 (epoch 8), train_loss = 1.878641724586, time/batch = 18.392376661301
2025-04-22 23:05:37,389:INFO: 213/260 (epoch 8), train_loss = -1.326180934906, time/batch = 25.863374471664
2025-04-22 23:05:52,951:INFO: 214/260 (epoch 8), train_loss = -1.095511317253, time/batch = 15.561479568481
2025-04-22 23:06:06,340:INFO: 215/260 (epoch 8), train_loss = 0.488082438707, time/batch = 13.388704299927
2025-04-22 23:06:35,367:INFO: 216/260 (epoch 8), train_loss = 22.961206436157, time/batch = 29.026949405670
2025-04-22 23:06:58,619:INFO: 217/260 (epoch 8), train_loss = -1.499174118042, time/batch = 23.252562284470
2025-04-22 23:07:10,746:INFO: 218/260 (epoch 8), train_loss = 2.422396421432, time/batch = 12.124729156494
2025-04-22 23:07:11,553:INFO: 219/260 (epoch 8), train_loss = 2.274063110352, time/batch = 0.807157516479
2025-04-22 23:07:38,921:INFO: 220/260 (epoch 8), train_loss = -1.769540429115, time/batch = 27.368644952774
2025-04-22 23:07:47,355:INFO: 221/260 (epoch 8), train_loss = -1.763369798660, time/batch = 8.433791875839
2025-04-22 23:07:58,207:INFO: 222/260 (epoch 8), train_loss = 2.508684635162, time/batch = 10.851334571838
2025-04-22 23:08:00,603:INFO: 223/260 (epoch 8), train_loss = -1.760800480843, time/batch = 2.395986318588
2025-04-22 23:08:12,120:INFO: 224/260 (epoch 8), train_loss = 2.664577245712, time/batch = 11.517264604568
2025-04-22 23:08:30,563:INFO: 225/260 (epoch 8), train_loss = 1.629436850548, time/batch = 18.442917108536
2025-04-22 23:08:56,168:INFO: 226/260 (epoch 8), train_loss = -1.758550763130, time/batch = 25.604901075363
2025-04-22 23:09:11,806:INFO: 227/260 (epoch 8), train_loss = -1.733087778091, time/batch = 15.638505458832
2025-04-22 23:09:25,245:INFO: 228/260 (epoch 8), train_loss = 0.009934738278, time/batch = 13.438667297363
2025-04-22 23:09:53,932:INFO: 229/260 (epoch 8), train_loss = 22.967739105225, time/batch = 28.686517238617
2025-04-22 23:10:17,076:INFO: 230/260 (epoch 8), train_loss = -1.820770263672, time/batch = 23.143970012665
2025-04-22 23:10:28,727:INFO: 231/260 (epoch 8), train_loss = 2.307760000229, time/batch = 11.650550842285
2025-04-22 23:10:29,558:INFO: 232/260 (epoch 8), train_loss = 1.527583479881, time/batch = 0.830515384674
2025-04-22 23:10:57,055:INFO: 233/260 (epoch 8), train_loss = -1.354177236557, time/batch = 27.497091770172
2025-04-22 23:10:57,055:INFO: (epoch 8), loss = 1.973
2025-04-22 23:10:57,056:INFO: Best epoch 6, Best loss 1.561548640521673
2025-04-22 23:10:57,056:INFO: Saving model
2025-04-22 23:11:05,503:INFO: 234/260 (epoch 9), train_loss = -1.138661265373, time/batch = 8.402010440826
2025-04-22 23:11:16,362:INFO: 235/260 (epoch 9), train_loss = -0.250801175833, time/batch = 10.859602928162
2025-04-22 23:11:18,723:INFO: 236/260 (epoch 9), train_loss = -0.933354675770, time/batch = 2.360457420349
2025-04-22 23:11:30,489:INFO: 237/260 (epoch 9), train_loss = -0.669983029366, time/batch = 11.766367197037
2025-04-22 23:11:48,964:INFO: 238/260 (epoch 9), train_loss = -1.178437232971, time/batch = 18.474495410919
2025-04-22 23:12:14,374:INFO: 239/260 (epoch 9), train_loss = -0.132133722305, time/batch = 25.410758256912
2025-04-22 23:12:29,992:INFO: 240/260 (epoch 9), train_loss = -0.080844774842, time/batch = 15.618064165115
2025-04-22 23:12:43,423:INFO: 241/260 (epoch 9), train_loss = -0.477000474930, time/batch = 13.430629968643
2025-04-22 23:13:12,002:INFO: 242/260 (epoch 9), train_loss = 22.949966430664, time/batch = 28.577645540237
2025-04-22 23:13:34,972:INFO: 243/260 (epoch 9), train_loss = -0.704998493195, time/batch = 22.969556570053
2025-04-22 23:13:46,687:INFO: 244/260 (epoch 9), train_loss = -0.795738995075, time/batch = 11.714897155762
2025-04-22 23:13:47,491:INFO: 245/260 (epoch 9), train_loss = -0.839688539505, time/batch = 0.801222085953
2025-04-22 23:14:14,599:INFO: 246/260 (epoch 9), train_loss = -0.988545179367, time/batch = 27.108753681183
2025-04-22 23:14:22,903:INFO: 247/260 (epoch 9), train_loss = -1.102182269096, time/batch = 8.303673028946
2025-04-22 23:14:33,784:INFO: 248/260 (epoch 9), train_loss = -0.653025984764, time/batch = 10.880980253220
2025-04-22 23:14:36,169:INFO: 249/260 (epoch 9), train_loss = -1.312915325165, time/batch = 2.384256601334
2025-04-22 23:14:47,795:INFO: 250/260 (epoch 9), train_loss = -0.384311050177, time/batch = 11.625596046448
2025-04-22 23:15:06,124:INFO: 251/260 (epoch 9), train_loss = -0.739136636257, time/batch = 18.328874826431
2025-04-22 23:15:31,438:INFO: 252/260 (epoch 9), train_loss = -1.420170545578, time/batch = 25.314737081528
2025-04-22 23:15:46,935:INFO: 253/260 (epoch 9), train_loss = -1.417029738426, time/batch = 15.495422363281
2025-04-22 23:16:00,397:INFO: 254/260 (epoch 9), train_loss = -0.816671133041, time/batch = 13.462247848511
2025-04-22 23:16:29,029:INFO: 255/260 (epoch 9), train_loss = 22.978340148926, time/batch = 28.630826234818
2025-04-22 23:16:52,093:INFO: 256/260 (epoch 9), train_loss = -1.691375732422, time/batch = 23.063993215561
2025-04-22 23:17:03,675:INFO: 257/260 (epoch 9), train_loss = 0.283841937780, time/batch = 11.582151889801
2025-04-22 23:17:04,514:INFO: 258/260 (epoch 9), train_loss = 0.378325045109, time/batch = 0.838536500931
2025-04-22 23:17:31,996:INFO: 259/260 (epoch 9), train_loss = -1.608967542648, time/batch = 27.482056140900
2025-04-22 23:17:31,996:INFO: (epoch 9), loss = 1.048
2025-04-22 23:17:31,996:INFO: Best epoch 9, Best loss 1.0482500017835543
2025-04-22 23:17:31,996:INFO: Saving model
2025-04-22 23:17:32,027:INFO: Best epoch 9, Best loss 1.0482500017835543
2025-04-23 20:36:10,111:INFO: Training begin
2025-04-23 20:39:29,383:INFO: Training begin
2025-04-23 20:53:52,123:INFO: Training begin
2025-04-23 20:54:14,045:INFO: 0/260 (epoch 0), train_loss = 3.456900119781, time/batch = 21.921173810959
2025-04-23 20:54:30,239:INFO: 1/260 (epoch 0), train_loss = 3.417166233063, time/batch = 16.193287849426
2025-04-23 20:54:41,070:INFO: 2/260 (epoch 0), train_loss = 3.259258270264, time/batch = 10.831224679947
2025-04-23 21:03:46,376:INFO: Training begin
2025-04-23 21:04:07,136:INFO: 0/260 (epoch 0), train_loss = 3.634817838669, time/batch = 20.759938716888
2025-04-23 21:04:08,007:INFO: 1/260 (epoch 0), train_loss = 3.341771602631, time/batch = 0.871404647827
2025-04-23 21:04:19,934:INFO: 2/260 (epoch 0), train_loss = 3.434133768082, time/batch = 11.926585912704
2025-04-23 21:04:32,292:INFO: 3/260 (epoch 0), train_loss = 3.116519689560, time/batch = 12.358138084412
2025-04-23 21:04:34,454:INFO: 4/260 (epoch 0), train_loss = 3.068320274353, time/batch = 2.160936355591
2025-04-23 21:04:52,071:INFO: 5/260 (epoch 0), train_loss = 3.011359691620, time/batch = 17.617197990417
2025-04-23 21:05:02,330:INFO: 6/260 (epoch 0), train_loss = 3.049999237061, time/batch = 10.258090972900
2025-04-23 21:05:28,297:INFO: 7/260 (epoch 0), train_loss = 2.869015216827, time/batch = 25.967193603516
2025-04-23 21:05:35,999:INFO: 8/260 (epoch 0), train_loss = 2.768374443054, time/batch = 7.702419281006
2025-04-23 21:05:51,802:INFO: 9/260 (epoch 0), train_loss = 2.756986618042, time/batch = 15.802777051926
2025-04-23 21:06:01,907:INFO: 10/260 (epoch 0), train_loss = 2.636128425598, time/batch = 10.103786468506
2025-04-23 21:06:10,739:INFO: 11/260 (epoch 0), train_loss = 2.476125240326, time/batch = 8.832549810410
2025-04-23 21:06:32,429:INFO: 12/260 (epoch 0), train_loss = 2.175539970398, time/batch = 21.689949274063
2025-04-23 21:06:55,561:INFO: 13/260 (epoch 0), train_loss = 3.780592918396, time/batch = 23.131788969040
2025-04-23 21:06:56,424:INFO: 14/260 (epoch 0), train_loss = 1.941826939583, time/batch = 0.862199306488
2025-04-23 21:07:07,661:INFO: 15/260 (epoch 0), train_loss = 4.190579414368, time/batch = 11.236780166626
2025-04-23 21:07:20,662:INFO: 16/260 (epoch 0), train_loss = 1.492171645164, time/batch = 12.999476909637
2025-04-23 21:07:22,941:INFO: 17/260 (epoch 0), train_loss = 1.394500017166, time/batch = 2.278743028641
2025-04-23 21:07:41,635:INFO: 18/260 (epoch 0), train_loss = 1.311248540878, time/batch = 18.694593667984
2025-04-23 21:07:51,016:INFO: 19/260 (epoch 0), train_loss = 1.507272124290, time/batch = 9.380996704102
2025-04-23 21:08:12,892:INFO: 20/260 (epoch 0), train_loss = 1.140280127525, time/batch = 21.875786542892
2025-04-23 21:08:20,210:INFO: 21/260 (epoch 0), train_loss = 0.977142035961, time/batch = 7.316795110703
2025-04-23 21:08:35,202:INFO: 22/260 (epoch 0), train_loss = 0.933009266853, time/batch = 14.992038726807
2025-04-23 21:08:44,488:INFO: 23/260 (epoch 0), train_loss = 0.669840455055, time/batch = 9.285647392273
2025-04-23 21:08:53,220:INFO: 24/260 (epoch 0), train_loss = 0.267700105906, time/batch = 8.732035636902
2025-04-23 21:09:13,913:INFO: 25/260 (epoch 0), train_loss = 1.888989090919, time/batch = 20.692206621170
2025-04-23 21:09:13,913:INFO: (epoch 0), loss = 2.301
2025-04-23 21:09:13,913:INFO: Best epoch 0, Best loss 2.301317103780233
2025-04-23 21:09:13,913:INFO: Saving model
2025-04-23 21:09:36,463:INFO: 26/260 (epoch 1), train_loss = 40.216247558594, time/batch = 22.509025335312
2025-04-23 21:09:37,334:INFO: 27/260 (epoch 1), train_loss = -0.031396642327, time/batch = 0.869868993759
2025-04-23 21:09:48,204:INFO: 28/260 (epoch 1), train_loss = 38.043212890625, time/batch = 10.870643377304
2025-04-23 21:10:02,281:INFO: 29/260 (epoch 1), train_loss = 2.732105731964, time/batch = 14.076136350632
2025-04-23 21:10:04,578:INFO: 30/260 (epoch 1), train_loss = 1.809933066368, time/batch = 2.296807289124
2025-04-23 21:10:23,603:INFO: 31/260 (epoch 1), train_loss = 1.173990607262, time/batch = 19.025204658508
2025-04-23 21:10:33,340:INFO: 32/260 (epoch 1), train_loss = -0.403168767691, time/batch = 9.735827207565
2025-04-23 21:10:58,482:INFO: 33/260 (epoch 1), train_loss = 0.103321470320, time/batch = 25.140951871872
2025-04-23 21:11:05,976:INFO: 34/260 (epoch 1), train_loss = -0.332588195801, time/batch = 7.492000818253
2025-04-23 21:11:21,214:INFO: 35/260 (epoch 1), train_loss = 0.077197432518, time/batch = 15.238502979279
2025-04-23 21:11:30,499:INFO: 36/260 (epoch 1), train_loss = 0.718858540058, time/batch = 9.285169124603
2025-04-23 21:11:39,252:INFO: 37/260 (epoch 1), train_loss = 0.918245196342, time/batch = 8.751779079437
2025-04-23 21:11:59,932:INFO: 38/260 (epoch 1), train_loss = -0.712520003319, time/batch = 20.678882360458
2025-04-23 21:12:22,169:INFO: 39/260 (epoch 1), train_loss = 19.716562271118, time/batch = 22.237052440643
2025-04-23 21:12:23,053:INFO: 40/260 (epoch 1), train_loss = 0.318662196398, time/batch = 0.882639169693
2025-04-23 21:12:34,002:INFO: 41/260 (epoch 1), train_loss = 24.876142501831, time/batch = 10.948446750641
2025-04-23 21:12:46,853:INFO: 42/260 (epoch 1), train_loss = -0.502754509449, time/batch = 12.850825071335
2025-04-23 21:12:49,150:INFO: 43/260 (epoch 1), train_loss = -0.442368894815, time/batch = 2.296900987625
2025-04-23 21:13:07,680:INFO: 44/260 (epoch 1), train_loss = -0.488310694695, time/batch = 18.529551267624
2025-04-23 21:13:17,106:INFO: 45/260 (epoch 1), train_loss = -0.199141830206, time/batch = 9.425885915756
2025-04-23 21:13:39,048:INFO: 46/260 (epoch 1), train_loss = -0.694964885712, time/batch = 21.941745042801
2025-04-23 21:13:46,295:INFO: 47/260 (epoch 1), train_loss = -0.840034484863, time/batch = 7.247283220291
2025-04-23 21:14:01,312:INFO: 48/260 (epoch 1), train_loss = -0.158839046955, time/batch = 15.015551090240
2025-04-23 21:14:10,552:INFO: 49/260 (epoch 1), train_loss = 0.093367703259, time/batch = 9.239682674408
2025-04-23 21:14:19,261:INFO: 50/260 (epoch 1), train_loss = -0.039397407323, time/batch = 8.707111597061
2025-04-23 21:14:41,394:INFO: 51/260 (epoch 1), train_loss = -1.067584872246, time/batch = 22.132000207901
2025-04-23 21:14:41,394:INFO: (epoch 1), loss = 4.803
2025-04-23 21:14:41,394:INFO: Best epoch 0, Best loss 2.301317103780233
2025-04-23 21:14:41,394:INFO: Saving model
2025-04-23 21:15:04,245:INFO: 52/260 (epoch 2), train_loss = 37.756217956543, time/batch = 22.814302921295
2025-04-23 21:15:05,161:INFO: 53/260 (epoch 2), train_loss = -0.607822895050, time/batch = 0.916118383408
2025-04-23 21:15:16,162:INFO: 54/260 (epoch 2), train_loss = 28.366151809692, time/batch = 11.000642299652
2025-04-23 21:15:29,050:INFO: 55/260 (epoch 2), train_loss = -0.942122817039, time/batch = 12.887794017792
2025-04-23 21:15:31,280:INFO: 56/260 (epoch 2), train_loss = -0.927128314972, time/batch = 2.229933023453
2025-04-23 21:15:49,934:INFO: 57/260 (epoch 2), train_loss = -0.960960626602, time/batch = 18.652664184570
2025-04-23 21:15:59,205:INFO: 58/260 (epoch 2), train_loss = -0.796668946743, time/batch = 9.271367311478
2025-04-23 21:16:21,196:INFO: 59/260 (epoch 2), train_loss = -1.135683178902, time/batch = 21.990588903427
2025-04-23 21:16:28,443:INFO: 60/260 (epoch 2), train_loss = -1.258605837822, time/batch = 7.247126340866
2025-04-23 21:16:43,359:INFO: 61/260 (epoch 2), train_loss = -0.435803622007, time/batch = 14.914869785309
2025-04-23 21:16:52,705:INFO: 62/260 (epoch 2), train_loss = -0.018737019971, time/batch = 9.345781803131
2025-04-23 21:17:01,569:INFO: 63/260 (epoch 2), train_loss = -0.039360407740, time/batch = 8.863964796066
2025-04-23 21:17:22,214:INFO: 64/260 (epoch 2), train_loss = -1.476952791214, time/batch = 20.644982099533
2025-04-23 21:17:44,185:INFO: 65/260 (epoch 2), train_loss = 38.820968627930, time/batch = 21.970861196518
2025-04-23 21:17:45,064:INFO: 66/260 (epoch 2), train_loss = -0.491226971149, time/batch = 0.878177165985
2025-04-23 21:17:56,013:INFO: 67/260 (epoch 2), train_loss = 25.457794189453, time/batch = 10.948844909668
2025-04-23 21:18:08,982:INFO: 68/260 (epoch 2), train_loss = -1.438340902328, time/batch = 12.969731569290
2025-04-23 21:18:11,247:INFO: 69/260 (epoch 2), train_loss = -1.414337992668, time/batch = 2.265019178391
2025-04-23 21:18:29,671:INFO: 70/260 (epoch 2), train_loss = -1.443172097206, time/batch = 18.423427820206
2025-04-23 21:18:38,957:INFO: 71/260 (epoch 2), train_loss = -0.595823824406, time/batch = 9.285552263260
2025-04-23 21:19:00,918:INFO: 72/260 (epoch 2), train_loss = -1.586727619171, time/batch = 21.960585832596
2025-04-23 21:19:08,561:INFO: 73/260 (epoch 2), train_loss = -1.683815836906, time/batch = 7.643472909927
2025-04-23 21:19:23,581:INFO: 74/260 (epoch 2), train_loss = -0.405808150768, time/batch = 15.019159078598
2025-04-23 21:19:32,819:INFO: 75/260 (epoch 2), train_loss = -0.118773564696, time/batch = 9.238614559174
2025-04-23 21:19:41,595:INFO: 76/260 (epoch 2), train_loss = -0.418437838554, time/batch = 8.775984764099
2025-04-23 21:20:02,027:INFO: 77/260 (epoch 2), train_loss = -1.782770514488, time/batch = 20.431832551956
2025-04-23 21:20:02,027:INFO: (epoch 2), loss = 4.247
2025-04-23 21:20:02,027:INFO: Best epoch 0, Best loss 2.301317103780233
2025-04-23 21:20:02,028:INFO: Saving model
2025-04-23 21:20:24,810:INFO: 78/260 (epoch 3), train_loss = 45.966590881348, time/batch = 22.750778913498
2025-04-23 21:20:25,688:INFO: 79/260 (epoch 3), train_loss = -1.234307169914, time/batch = 0.877670526505
2025-04-23 21:20:36,521:INFO: 80/260 (epoch 3), train_loss = 31.317979812622, time/batch = 10.831738948822
2025-04-23 21:20:49,501:INFO: 81/260 (epoch 3), train_loss = -0.804752469063, time/batch = 12.979636669159
2025-04-23 21:20:51,724:INFO: 82/260 (epoch 3), train_loss = -1.044869184494, time/batch = 2.223426818848
2025-04-23 21:21:11,699:INFO: 83/260 (epoch 3), train_loss = -1.312263488770, time/batch = 19.974128246307
2025-04-23 21:21:21,434:INFO: 84/260 (epoch 3), train_loss = -1.312892198563, time/batch = 9.735670566559
2025-04-23 21:21:46,212:INFO: 85/260 (epoch 3), train_loss = -1.788802027702, time/batch = 24.777497768402
2025-04-23 21:21:54,788:INFO: 86/260 (epoch 3), train_loss = -2.005161046982, time/batch = 8.575995206833
2025-04-23 21:22:10,777:INFO: 87/260 (epoch 3), train_loss = -0.354653090239, time/batch = 15.988392591476
2025-04-23 21:22:22,096:INFO: 88/260 (epoch 3), train_loss = 0.430804520845, time/batch = 11.319029092789
2025-04-23 21:22:31,888:INFO: 89/260 (epoch 3), train_loss = 0.361550003290, time/batch = 9.791584491730
2025-04-23 21:22:54,308:INFO: 90/260 (epoch 3), train_loss = -1.962340235710, time/batch = 22.418750524521
2025-04-23 21:23:17,364:INFO: 91/260 (epoch 3), train_loss = 30.333839416504, time/batch = 23.055721759796
2025-04-23 21:23:18,273:INFO: 92/260 (epoch 3), train_loss = -0.434525698423, time/batch = 0.908632755280
2025-04-23 21:23:29,535:INFO: 93/260 (epoch 3), train_loss = 13.265628814697, time/batch = 11.261739730835
2025-04-23 21:23:43,021:INFO: 94/260 (epoch 3), train_loss = -1.736595392227, time/batch = 13.485634803772
2025-04-23 21:23:45,250:INFO: 95/260 (epoch 3), train_loss = -1.723235130310, time/batch = 2.228872776031
2025-04-23 21:24:04,079:INFO: 96/260 (epoch 3), train_loss = -1.730792403221, time/batch = 18.827633380890
2025-04-23 21:24:13,497:INFO: 97/260 (epoch 3), train_loss = -0.499395012856, time/batch = 9.418853998184
2025-04-23 21:24:35,543:INFO: 98/260 (epoch 3), train_loss = -1.847932934761, time/batch = 22.044411897659
2025-04-23 21:24:42,938:INFO: 99/260 (epoch 3), train_loss = -1.974016904831, time/batch = 7.394984960556
2025-04-23 21:24:59,460:INFO: 100/260 (epoch 3), train_loss = -0.555225968361, time/batch = 16.521348476410
2025-04-23 21:25:09,358:INFO: 101/260 (epoch 3), train_loss = -0.240661606193, time/batch = 9.897468328476
2025-04-23 21:25:18,042:INFO: 102/260 (epoch 3), train_loss = -0.567017436028, time/batch = 8.684378862381
2025-04-23 21:25:39,885:INFO: 103/260 (epoch 3), train_loss = -1.456207633018, time/batch = 21.842777252197
2025-04-23 21:25:39,885:INFO: (epoch 3), loss = 3.734
2025-04-23 21:25:39,885:INFO: Best epoch 0, Best loss 2.301317103780233
2025-04-23 21:25:39,886:INFO: Saving model
2025-04-23 21:26:05,747:INFO: 104/260 (epoch 4), train_loss = 20.632278442383, time/batch = 25.824995040894
2025-04-23 21:26:06,635:INFO: 105/260 (epoch 4), train_loss = -1.309012055397, time/batch = 0.887135028839
2025-04-23 21:26:17,541:INFO: 106/260 (epoch 4), train_loss = 9.253450393677, time/batch = 10.906169891357
2025-04-23 21:26:30,426:INFO: 107/260 (epoch 4), train_loss = -0.549583733082, time/batch = 12.884747266769
2025-04-23 21:26:32,646:INFO: 108/260 (epoch 4), train_loss = -0.972746074200, time/batch = 2.219265937805
2025-04-23 21:26:51,216:INFO: 109/260 (epoch 4), train_loss = -1.316847205162, time/batch = 18.570291042328
2025-04-23 21:27:00,556:INFO: 110/260 (epoch 4), train_loss = -1.297466874123, time/batch = 9.339515447617
2025-04-23 21:27:22,545:INFO: 111/260 (epoch 4), train_loss = -1.730154633522, time/batch = 21.988528728485
2025-04-23 21:27:29,811:INFO: 112/260 (epoch 4), train_loss = -1.786266684532, time/batch = 7.264848947525
2025-04-23 21:27:44,685:INFO: 113/260 (epoch 4), train_loss = -0.403505921364, time/batch = 14.874667882919
2025-04-23 21:27:53,971:INFO: 114/260 (epoch 4), train_loss = 0.091250017285, time/batch = 9.284391880035
2025-04-23 21:28:02,704:INFO: 115/260 (epoch 4), train_loss = -0.084048278630, time/batch = 8.733443737030
2025-04-23 21:28:23,240:INFO: 116/260 (epoch 4), train_loss = -2.109127044678, time/batch = 20.535893917084
2025-04-23 21:28:45,148:INFO: 117/260 (epoch 4), train_loss = 6.127732276917, time/batch = 21.907315254211
2025-04-23 21:28:46,016:INFO: 118/260 (epoch 4), train_loss = -0.760907471180, time/batch = 0.867900371552
2025-04-23 21:28:56,790:INFO: 119/260 (epoch 4), train_loss = 3.756596326828, time/batch = 10.772142410278
2025-04-23 21:29:09,577:INFO: 120/260 (epoch 4), train_loss = -1.914233684540, time/batch = 12.786290168762
2025-04-23 21:29:11,821:INFO: 121/260 (epoch 4), train_loss = -1.986171126366, time/batch = 2.244353294373
2025-04-23 21:29:30,382:INFO: 122/260 (epoch 4), train_loss = -2.040838241577, time/batch = 18.560821056366
2025-04-23 21:29:39,736:INFO: 123/260 (epoch 4), train_loss = -0.505598723888, time/batch = 9.352722167969
2025-04-23 21:30:01,575:INFO: 124/260 (epoch 4), train_loss = -2.154335021973, time/batch = 21.838265895844
2025-04-23 21:30:08,779:INFO: 125/260 (epoch 4), train_loss = -2.257860660553, time/batch = 7.203079462051
2025-04-23 21:30:23,657:INFO: 126/260 (epoch 4), train_loss = -0.549474477768, time/batch = 14.878675460815
2025-04-23 21:30:32,956:INFO: 127/260 (epoch 4), train_loss = -0.476221293211, time/batch = 9.298089027405
2025-04-23 21:30:41,558:INFO: 128/260 (epoch 4), train_loss = -1.089729189873, time/batch = 8.601568937302
2025-04-23 21:31:02,021:INFO: 129/260 (epoch 4), train_loss = -1.724391341209, time/batch = 20.462508916855
2025-04-23 21:31:02,021:INFO: (epoch 4), loss = 0.494
2025-04-23 21:31:02,021:INFO: Best epoch 4, Best loss 0.4939533738562694
2025-04-23 21:31:02,021:INFO: Saving model
2025-04-23 21:31:24,280:INFO: 130/260 (epoch 5), train_loss = 3.157766342163, time/batch = 22.228713035583
2025-04-23 21:31:25,135:INFO: 131/260 (epoch 5), train_loss = -2.174635410309, time/batch = 0.855597019196
2025-04-23 21:31:36,082:INFO: 132/260 (epoch 5), train_loss = 2.656313419342, time/batch = 10.945221185684
2025-04-23 21:31:48,955:INFO: 133/260 (epoch 5), train_loss = 0.217679202557, time/batch = 12.873222589493
2025-04-23 21:31:51,231:INFO: 134/260 (epoch 5), train_loss = -0.020797587931, time/batch = 2.275681257248
2025-04-23 21:32:09,618:INFO: 135/260 (epoch 5), train_loss = -0.142366811633, time/batch = 18.386124134064
2025-04-23 21:32:18,874:INFO: 136/260 (epoch 5), train_loss = -2.383865833282, time/batch = 9.256051540375
2025-04-23 21:32:40,967:INFO: 137/260 (epoch 5), train_loss = -1.088252067566, time/batch = 22.093540906906
2025-04-23 21:32:48,159:INFO: 138/260 (epoch 5), train_loss = -1.613641381264, time/batch = 7.190389871597
2025-04-23 21:33:03,107:INFO: 139/260 (epoch 5), train_loss = -1.869679093361, time/batch = 14.947382926941
2025-04-23 21:33:12,321:INFO: 140/260 (epoch 5), train_loss = -1.393885016441, time/batch = 9.212991237640
2025-04-23 21:33:20,998:INFO: 141/260 (epoch 5), train_loss = -1.467128396034, time/batch = 8.677140235901
2025-04-23 21:33:41,556:INFO: 142/260 (epoch 5), train_loss = -2.180181026459, time/batch = 20.557197093964
2025-04-23 21:34:03,463:INFO: 143/260 (epoch 5), train_loss = 2.387969017029, time/batch = 21.907005071640
2025-04-23 21:34:04,327:INFO: 144/260 (epoch 5), train_loss = -1.701886534691, time/batch = 0.863132953644
2025-04-23 21:34:15,432:INFO: 145/260 (epoch 5), train_loss = 2.465075254440, time/batch = 11.105728387833
2025-04-23 21:34:28,285:INFO: 146/260 (epoch 5), train_loss = -1.970312356949, time/batch = 12.852150917053
2025-04-23 21:34:30,537:INFO: 147/260 (epoch 5), train_loss = -2.191430330276, time/batch = 2.252448558807
2025-04-23 21:34:48,982:INFO: 148/260 (epoch 5), train_loss = -2.327885866165, time/batch = 18.445154190063
2025-04-23 21:34:59,241:INFO: 149/260 (epoch 5), train_loss = -1.286799192429, time/batch = 10.258751869202
2025-04-23 21:35:21,940:INFO: 150/260 (epoch 5), train_loss = -2.714399337769, time/batch = 22.698555231094
2025-04-23 21:35:31,085:INFO: 151/260 (epoch 5), train_loss = -2.854500532150, time/batch = 9.145053625107
2025-04-23 21:35:46,794:INFO: 152/260 (epoch 5), train_loss = -0.053775966167, time/batch = 15.707786321640
2025-04-23 21:35:57,381:INFO: 153/260 (epoch 5), train_loss = 1.018118262291, time/batch = 10.586744070053
2025-04-23 21:36:07,103:INFO: 154/260 (epoch 5), train_loss = 0.937694728374, time/batch = 9.720618963242
2025-04-23 21:36:31,014:INFO: 155/260 (epoch 5), train_loss = -2.917381525040, time/batch = 23.911002635956
2025-04-23 21:36:31,014:INFO: (epoch 5), loss = -0.750
2025-04-23 21:36:31,015:INFO: Best epoch 5, Best loss -0.7504687707584637
2025-04-23 21:36:31,015:INFO: Saving model
2025-04-23 21:36:55,325:INFO: 156/260 (epoch 6), train_loss = 1.993005871773, time/batch = 24.275248289108
2025-04-23 21:36:56,164:INFO: 157/260 (epoch 6), train_loss = -0.415265411139, time/batch = 0.837690114975
2025-04-23 21:37:07,063:INFO: 158/260 (epoch 6), train_loss = 2.333015918732, time/batch = 10.898978471756
2025-04-23 21:37:19,849:INFO: 159/260 (epoch 6), train_loss = -2.583452701569, time/batch = 12.785583972931
2025-04-23 21:37:22,125:INFO: 160/260 (epoch 6), train_loss = -2.720033168793, time/batch = 2.274729728699
2025-04-23 21:37:40,528:INFO: 161/260 (epoch 6), train_loss = -2.795144557953, time/batch = 18.401126384735
2025-04-23 21:37:49,683:INFO: 162/260 (epoch 6), train_loss = -0.359193056822, time/batch = 9.154496192932
2025-04-23 21:38:11,588:INFO: 163/260 (epoch 6), train_loss = -3.043505430222, time/batch = 21.905084133148
2025-04-23 21:38:19,700:INFO: 164/260 (epoch 6), train_loss = -3.297793626785, time/batch = 8.111431598663
2025-04-23 21:38:34,180:INFO: 165/260 (epoch 6), train_loss = 0.068812556565, time/batch = 14.480815887451
2025-04-23 21:38:43,269:INFO: 166/260 (epoch 6), train_loss = 0.598124504089, time/batch = 9.087753295898
2025-04-23 21:38:51,751:INFO: 167/260 (epoch 6), train_loss = -0.005164478905, time/batch = 8.480994939804
2025-04-23 21:39:12,060:INFO: 168/260 (epoch 6), train_loss = -1.672078013420, time/batch = 20.308738946915
2025-04-23 21:39:36,564:INFO: 169/260 (epoch 6), train_loss = 1.638000130653, time/batch = 24.504353046417
2025-04-23 21:39:37,442:INFO: 170/260 (epoch 6), train_loss = -1.657969594002, time/batch = 0.877430438995
2025-04-23 21:39:50,203:INFO: 171/260 (epoch 6), train_loss = 2.417764902115, time/batch = 12.760928630829
2025-04-23 21:40:04,972:INFO: 172/260 (epoch 6), train_loss = -1.468195080757, time/batch = 14.769009113312
2025-04-23 21:40:07,221:INFO: 173/260 (epoch 6), train_loss = -2.241468429565, time/batch = 2.247976303101
2025-04-23 21:40:25,953:INFO: 174/260 (epoch 6), train_loss = -2.312829256058, time/batch = 18.731096744537
2025-04-23 21:40:36,552:INFO: 175/260 (epoch 6), train_loss = -1.055152773857, time/batch = 10.598139762878
2025-04-23 21:41:00,660:INFO: 176/260 (epoch 6), train_loss = -2.442352533340, time/batch = 24.106264829636
2025-04-23 21:41:08,281:INFO: 177/260 (epoch 6), train_loss = -3.051325559616, time/batch = 7.621389627457
2025-04-23 21:41:23,589:INFO: 178/260 (epoch 6), train_loss = -1.810888290405, time/batch = 15.307320594788
2025-04-23 21:41:34,426:INFO: 179/260 (epoch 6), train_loss = -2.011319398880, time/batch = 10.835249662399
2025-04-23 21:41:43,392:INFO: 180/260 (epoch 6), train_loss = -2.244488000870, time/batch = 8.965145111084
2025-04-23 21:42:05,618:INFO: 181/260 (epoch 6), train_loss = -0.702236950397, time/batch = 22.226085901260
2025-04-23 21:42:05,619:INFO: (epoch 6), loss = -1.109
2025-04-23 21:42:05,619:INFO: Best epoch 6, Best loss -1.1092743242087846
2025-04-23 21:42:05,619:INFO: Saving model
2025-04-23 21:42:26,731:INFO: 182/260 (epoch 7), train_loss = 1.328416228294, time/batch = 21.082389116287
2025-04-23 21:42:27,626:INFO: 183/260 (epoch 7), train_loss = -2.239632129669, time/batch = 0.894626379013
2025-04-23 21:42:41,255:INFO: 184/260 (epoch 7), train_loss = 1.957460880280, time/batch = 13.628990411758
2025-04-23 21:42:56,780:INFO: 185/260 (epoch 7), train_loss = -0.844661712646, time/batch = 15.522547721863
2025-04-23 21:42:58,740:INFO: 186/260 (epoch 7), train_loss = -2.315562725067, time/batch = 1.959891557693
2025-04-23 21:43:17,645:INFO: 187/260 (epoch 7), train_loss = -2.529899358749, time/batch = 18.903578281403
2025-04-23 21:43:27,819:INFO: 188/260 (epoch 7), train_loss = -1.272369623184, time/batch = 10.173008918762
2025-04-23 21:43:50,809:INFO: 189/260 (epoch 7), train_loss = -2.248148679733, time/batch = 22.989310979843
2025-04-23 21:43:58,532:INFO: 190/260 (epoch 7), train_loss = -2.523379325867, time/batch = 7.723495006561
2025-04-23 21:44:15,284:INFO: 191/260 (epoch 7), train_loss = -0.606164038181, time/batch = 16.751349449158
2025-04-23 21:44:25,823:INFO: 192/260 (epoch 7), train_loss = -1.369594216347, time/batch = 10.538808584213
2025-04-23 21:44:35,262:INFO: 193/260 (epoch 7), train_loss = -2.350804567337, time/batch = 9.438504457474
2025-04-23 21:44:56,094:INFO: 194/260 (epoch 7), train_loss = -1.360971450806, time/batch = 20.832422971725
2025-04-23 21:45:18,922:INFO: 195/260 (epoch 7), train_loss = 0.958539545536, time/batch = 22.827848434448
2025-04-23 21:45:19,724:INFO: 196/260 (epoch 7), train_loss = -1.368068575859, time/batch = 0.801982402802
2025-04-23 21:45:30,767:INFO: 197/260 (epoch 7), train_loss = 1.710960745811, time/batch = 11.043216705322
2025-04-23 21:45:43,258:INFO: 198/260 (epoch 7), train_loss = 2.173403501511, time/batch = 12.490805149078
2025-04-23 21:45:45,402:INFO: 199/260 (epoch 7), train_loss = 0.097986109555, time/batch = 2.143304586411
2025-04-23 21:46:04,781:INFO: 200/260 (epoch 7), train_loss = -0.789624452591, time/batch = 19.378984689713
2025-04-23 21:46:14,564:INFO: 201/260 (epoch 7), train_loss = -3.085243225098, time/batch = 9.782960414886
2025-04-23 21:46:37,767:INFO: 202/260 (epoch 7), train_loss = -2.571821451187, time/batch = 23.202898502350
2025-04-23 21:46:47,534:INFO: 203/260 (epoch 7), train_loss = -2.705458641052, time/batch = 9.766644716263
2025-04-23 21:47:03,733:INFO: 204/260 (epoch 7), train_loss = -1.125049591064, time/batch = 16.198465585709
2025-04-23 21:47:12,537:INFO: 205/260 (epoch 7), train_loss = -0.669916331768, time/batch = 8.804101467133
2025-04-23 21:47:21,345:INFO: 206/260 (epoch 7), train_loss = -1.125413656235, time/batch = 8.807038307190
2025-04-23 21:47:42,251:INFO: 207/260 (epoch 7), train_loss = -3.090898513794, time/batch = 20.905638217926
2025-04-23 21:47:42,252:INFO: (epoch 7), loss = -1.076
2025-04-23 21:47:42,252:INFO: Best epoch 6, Best loss -1.1092743242087846
2025-04-23 21:47:42,252:INFO: Saving model
2025-04-23 21:48:04,999:INFO: 208/260 (epoch 8), train_loss = 0.354315400124, time/batch = 22.716763257980
2025-04-23 21:48:05,905:INFO: 209/260 (epoch 8), train_loss = -2.204934597015, time/batch = 0.905266523361
2025-04-23 21:48:16,622:INFO: 210/260 (epoch 8), train_loss = 1.525763630867, time/batch = 10.715601444244
2025-04-23 21:48:29,880:INFO: 211/260 (epoch 8), train_loss = -0.321368604898, time/batch = 13.257712125778
2025-04-23 21:48:32,244:INFO: 212/260 (epoch 8), train_loss = -0.912142217159, time/batch = 2.364331007004
2025-04-23 21:48:51,601:INFO: 213/260 (epoch 8), train_loss = -0.582223296165, time/batch = 19.357528924942
2025-04-23 21:49:01,727:INFO: 214/260 (epoch 8), train_loss = -2.608865261078, time/batch = 10.125681877136
2025-04-23 21:49:24,856:INFO: 215/260 (epoch 8), train_loss = -2.400477409363, time/batch = 23.128682374954
2025-04-23 21:49:32,390:INFO: 216/260 (epoch 8), train_loss = -2.902877092361, time/batch = 7.533639431000
2025-04-23 21:49:48,193:INFO: 217/260 (epoch 8), train_loss = -1.684330582619, time/batch = 15.803113460541
2025-04-23 21:49:58,439:INFO: 218/260 (epoch 8), train_loss = -0.576131641865, time/batch = 10.245917081833
2025-04-23 21:50:07,211:INFO: 219/260 (epoch 8), train_loss = -0.371068626642, time/batch = 8.769970893860
2025-04-23 21:50:28,485:INFO: 220/260 (epoch 8), train_loss = -2.677661180496, time/batch = 21.273704767227
2025-04-23 21:50:52,045:INFO: 221/260 (epoch 8), train_loss = 0.350420802832, time/batch = 23.559895277023
2025-04-23 21:50:52,951:INFO: 222/260 (epoch 8), train_loss = -1.435775160789, time/batch = 0.906385421753
2025-04-23 21:51:04,414:INFO: 223/260 (epoch 8), train_loss = 1.534318566322, time/batch = 11.463033914566
2025-04-23 21:51:18,052:INFO: 224/260 (epoch 8), train_loss = -3.201998233795, time/batch = 13.637683153152
2025-04-23 21:51:20,316:INFO: 225/260 (epoch 8), train_loss = -3.388497591019, time/batch = 2.264344453812
2025-04-23 21:51:43,616:INFO: 226/260 (epoch 8), train_loss = -3.490556716919, time/batch = 23.299574613571
2025-04-23 21:51:54,661:INFO: 227/260 (epoch 8), train_loss = -0.193323433399, time/batch = 11.044819593430
2025-04-23 21:52:20,136:INFO: 228/260 (epoch 8), train_loss = -3.500630140305, time/batch = 25.475323438644
2025-04-23 21:52:28,333:INFO: 229/260 (epoch 8), train_loss = -3.568512201309, time/batch = 8.195428133011
2025-04-23 21:52:45,771:INFO: 230/260 (epoch 8), train_loss = -0.986340284348, time/batch = 17.437829732895
2025-04-23 21:52:55,952:INFO: 231/260 (epoch 8), train_loss = -1.601417899132, time/batch = 10.180888414383
2025-04-23 21:53:05,296:INFO: 232/260 (epoch 8), train_loss = -2.843562364578, time/batch = 9.343018293381
2025-04-23 21:53:30,780:INFO: 233/260 (epoch 8), train_loss = -1.897473335266, time/batch = 25.484684228897
2025-04-23 21:53:30,780:INFO: (epoch 8), loss = -1.523
2025-04-23 21:53:30,780:INFO: Best epoch 8, Best loss -1.522513441168345
2025-04-23 21:53:30,780:INFO: Saving model
2025-04-23 21:53:58,308:INFO: 234/260 (epoch 9), train_loss = 0.428573459387, time/batch = 27.482013702393
2025-04-23 21:53:59,251:INFO: 235/260 (epoch 9), train_loss = -3.847273349762, time/batch = 0.943505764008
2025-04-23 21:54:11,774:INFO: 236/260 (epoch 9), train_loss = 1.108065962791, time/batch = 12.522731542587
2025-04-23 21:54:25,616:INFO: 237/260 (epoch 9), train_loss = 3.578979492188, time/batch = 13.842017889023
2025-04-23 21:54:28,023:INFO: 238/260 (epoch 9), train_loss = 3.100389957428, time/batch = 2.405495643616
2025-04-23 21:54:47,745:INFO: 239/260 (epoch 9), train_loss = 3.214184999466, time/batch = 19.721997976303
2025-04-23 21:54:57,420:INFO: 240/260 (epoch 9), train_loss = -3.686701536179, time/batch = 9.675567388535
2025-04-23 21:55:20,095:INFO: 241/260 (epoch 9), train_loss = -0.165616840124, time/batch = 22.674310207367
2025-04-23 21:55:27,471:INFO: 242/260 (epoch 9), train_loss = -2.131623744965, time/batch = 7.376273632050
2025-04-23 21:55:42,750:INFO: 243/260 (epoch 9), train_loss = -3.116291761398, time/batch = 15.279233694077
2025-04-23 21:55:52,104:INFO: 244/260 (epoch 9), train_loss = -1.999980211258, time/batch = 9.353598356247
2025-04-23 21:56:01,817:INFO: 245/260 (epoch 9), train_loss = -1.612474799156, time/batch = 9.712147474289
2025-04-23 21:56:24,938:INFO: 246/260 (epoch 9), train_loss = -4.009575366974, time/batch = 23.120907545090
2025-04-23 21:56:47,312:INFO: 247/260 (epoch 9), train_loss = -0.207176268101, time/batch = 22.373837232590
2025-04-23 21:56:48,144:INFO: 248/260 (epoch 9), train_loss = -1.103687882423, time/batch = 0.831215143204
2025-04-23 21:56:59,176:INFO: 249/260 (epoch 9), train_loss = 1.029716730118, time/batch = 11.032293558121
2025-04-23 21:57:12,855:INFO: 250/260 (epoch 9), train_loss = -3.890540122986, time/batch = 13.679056882858
2025-04-23 21:57:15,264:INFO: 251/260 (epoch 9), train_loss = -3.918956041336, time/batch = 2.408613681793
2025-04-23 21:57:34,258:INFO: 252/260 (epoch 9), train_loss = -4.046275615692, time/batch = 18.993699312210
2025-04-23 21:57:44,074:INFO: 253/260 (epoch 9), train_loss = -1.436185956001, time/batch = 9.815708637238
2025-04-23 21:58:06,557:INFO: 254/260 (epoch 9), train_loss = -4.002786636353, time/batch = 22.483391284943
2025-04-23 21:58:14,656:INFO: 255/260 (epoch 9), train_loss = -4.213398456573, time/batch = 8.097315311432
2025-04-23 21:58:31,325:INFO: 256/260 (epoch 9), train_loss = -0.621477603912, time/batch = 16.669461965561
2025-04-23 21:58:41,557:INFO: 257/260 (epoch 9), train_loss = 0.221009537578, time/batch = 10.231307744980
2025-04-23 21:58:51,894:INFO: 258/260 (epoch 9), train_loss = -0.918222963810, time/batch = 10.337178945541
2025-04-23 21:59:16,976:INFO: 259/260 (epoch 9), train_loss = -4.342604637146, time/batch = 25.081202507019
2025-04-23 21:59:16,976:INFO: (epoch 9), loss = -1.407
2025-04-23 21:59:16,976:INFO: Best epoch 8, Best loss -1.522513441168345
2025-04-23 21:59:16,976:INFO: Saving model
2025-04-23 21:59:17,015:INFO: Best epoch 8, Best loss -1.522513441168345
2025-04-23 23:43:11,145:INFO: Training begin
2025-04-23 23:45:40,435:INFO: Training begin
2025-04-23 23:57:34,105:INFO: Training begin
2025-04-23 23:59:40,262:INFO: Training begin
2025-04-24 00:00:01,345:INFO: 0/260 (epoch 0), train_loss = 3.453958272934, time/batch = 21.082642555237
2025-04-24 16:31:46,796:INFO: Training begin
2025-04-24 16:40:52,253:INFO: Training begin
2025-04-24 17:12:32,675:INFO: Training begin
2025-04-24 17:17:09,810:INFO: Training begin
2025-04-24 17:17:23,171:INFO: 0/260 (epoch 0), train_loss = 49.072200775146, time/batch = 13.359791040421
2025-04-24 17:17:25,451:INFO: 1/260 (epoch 0), train_loss = 46.563735961914, time/batch = 2.278929948807
2025-04-24 17:17:40,777:INFO: 2/260 (epoch 0), train_loss = 49.878158569336, time/batch = 15.325881004333
2025-04-24 17:17:59,563:INFO: 3/260 (epoch 0), train_loss = 48.052585601807, time/batch = 18.785976171494
2025-04-24 17:18:21,868:INFO: 4/260 (epoch 0), train_loss = 49.762794494629, time/batch = 22.305699348450
2025-04-24 17:18:45,340:INFO: 5/260 (epoch 0), train_loss = 47.839817047119, time/batch = 23.471399068832
2025-04-24 17:18:53,294:INFO: 6/260 (epoch 0), train_loss = 51.398624420166, time/batch = 7.954437017441
2025-04-24 17:19:02,681:INFO: 7/260 (epoch 0), train_loss = 50.372440338135, time/batch = 9.386377811432
2025-04-24 17:19:03,545:INFO: 8/260 (epoch 0), train_loss = 49.029769897461, time/batch = 0.863582372665
2025-04-24 17:19:13,083:INFO: 9/260 (epoch 0), train_loss = 49.253517150879, time/batch = 9.537578105927
2025-04-24 17:19:22,859:INFO: 10/260 (epoch 0), train_loss = 49.234703063965, time/batch = 9.775171279907
2025-04-24 17:19:34,929:INFO: 11/260 (epoch 0), train_loss = 50.238018035889, time/batch = 12.069444656372
2025-04-24 17:19:58,550:INFO: 12/260 (epoch 0), train_loss = 49.596248626709, time/batch = 23.620704412460
2025-04-24 17:20:13,066:INFO: 13/260 (epoch 0), train_loss = 49.287536621094, time/batch = 14.515012741089
2025-04-24 17:20:15,500:INFO: 14/260 (epoch 0), train_loss = 46.249000549316, time/batch = 2.433168172836
2025-04-24 17:20:31,330:INFO: 15/260 (epoch 0), train_loss = 48.605995178223, time/batch = 15.829819202423
2025-04-24 17:20:50,625:INFO: 16/260 (epoch 0), train_loss = 48.350448608398, time/batch = 19.294536113739
2025-04-24 17:21:11,796:INFO: 17/260 (epoch 0), train_loss = 48.393798828125, time/batch = 21.171317100525
2025-04-24 17:21:35,048:INFO: 18/260 (epoch 0), train_loss = 47.956520080566, time/batch = 23.252142429352
2025-04-24 17:21:42,597:INFO: 19/260 (epoch 0), train_loss = 51.169178009033, time/batch = 7.547758579254
2025-04-24 17:21:51,519:INFO: 20/260 (epoch 0), train_loss = 49.088958740234, time/batch = 8.921525478363
2025-04-24 17:21:52,419:INFO: 21/260 (epoch 0), train_loss = 48.861816406250, time/batch = 0.900382995605
2025-04-24 17:22:01,924:INFO: 22/260 (epoch 0), train_loss = 49.061008453369, time/batch = 9.504211187363
2025-04-24 17:22:11,603:INFO: 23/260 (epoch 0), train_loss = 49.035999298096, time/batch = 9.678237676620
2025-04-24 17:22:23,881:INFO: 24/260 (epoch 0), train_loss = 49.984901428223, time/batch = 12.278431415558
2025-04-24 17:22:47,883:INFO: 25/260 (epoch 0), train_loss = 49.148643493652, time/batch = 24.001192569733
2025-04-24 17:22:47,883:INFO: (epoch 0), loss = 49.057
2025-04-24 17:22:47,883:INFO: Best epoch 0, Best loss 49.05716998760517
2025-04-24 17:22:47,883:INFO: Saving model
2025-04-24 17:23:01,284:INFO: 26/260 (epoch 1), train_loss = 49.923862457275, time/batch = 13.349401235580
2025-04-24 17:23:03,702:INFO: 27/260 (epoch 1), train_loss = 46.425254821777, time/batch = 2.418209791183
2025-04-24 17:23:19,792:INFO: 28/260 (epoch 1), train_loss = 49.811492919922, time/batch = 16.090498924255
2025-04-24 17:23:39,069:INFO: 29/260 (epoch 1), train_loss = 48.535919189453, time/batch = 19.276152610779
2025-04-24 17:24:00,707:INFO: 30/260 (epoch 1), train_loss = 49.134143829346, time/batch = 21.637403488159
2025-04-24 17:24:17,727:INFO: Training begin
2025-04-24 17:24:20,013:INFO: 0/260 (epoch 0), train_loss = 46.627773284912, time/batch = 2.286049842834
2025-04-24 17:24:39,956:INFO: 1/260 (epoch 0), train_loss = 49.021602630615, time/batch = 19.942960739136
2025-04-24 17:24:56,098:INFO: 2/260 (epoch 0), train_loss = 49.405677795410, time/batch = 16.141326189041
2025-04-24 17:25:19,699:INFO: 3/260 (epoch 0), train_loss = 48.490612030029, time/batch = 23.601303577423
2025-04-24 17:25:20,610:INFO: 4/260 (epoch 0), train_loss = 49.145946502686, time/batch = 0.910569190979
2025-04-24 17:25:30,692:INFO: 5/260 (epoch 0), train_loss = 49.416961669922, time/batch = 10.082069635391
2025-04-24 17:25:51,634:INFO: 6/260 (epoch 0), train_loss = 48.458488464355, time/batch = 20.940484285355
2025-04-24 17:26:01,670:INFO: 7/260 (epoch 0), train_loss = 49.340553283691, time/batch = 10.036357641220
2025-04-24 17:26:10,742:INFO: 8/260 (epoch 0), train_loss = 49.273395538330, time/batch = 9.071590185165
2025-04-24 17:26:22,219:INFO: 9/260 (epoch 0), train_loss = 49.651763916016, time/batch = 11.477859973907
2025-04-24 17:26:35,511:INFO: 10/260 (epoch 0), train_loss = 50.137756347656, time/batch = 13.291788339615
2025-04-24 17:26:58,310:INFO: 11/260 (epoch 0), train_loss = 47.824691772461, time/batch = 22.798877716064
2025-04-24 17:27:06,091:INFO: 12/260 (epoch 0), train_loss = 50.984279632568, time/batch = 7.779318571091
2025-04-24 17:27:08,420:INFO: 13/260 (epoch 0), train_loss = 46.353878021240, time/batch = 2.329434633255
2025-04-24 17:27:34,449:INFO: 14/260 (epoch 0), train_loss = 49.082916259766, time/batch = 26.029053449631
2025-04-24 17:27:50,439:INFO: 15/260 (epoch 0), train_loss = 49.725105285645, time/batch = 15.989762306213
2025-04-24 17:28:14,061:INFO: 16/260 (epoch 0), train_loss = 48.861442565918, time/batch = 23.622208595276
2025-04-24 17:28:15,078:INFO: 17/260 (epoch 0), train_loss = 48.817852020264, time/batch = 1.016610383987
2025-04-24 17:28:24,571:INFO: 18/260 (epoch 0), train_loss = 49.091560363770, time/batch = 9.493465423584
2025-04-24 17:28:43,421:INFO: 19/260 (epoch 0), train_loss = 47.910652160645, time/batch = 18.849432945251
2025-04-24 17:28:52,941:INFO: 20/260 (epoch 0), train_loss = 49.081577301025, time/batch = 9.519478082657
2025-04-24 17:29:01,877:INFO: 21/260 (epoch 0), train_loss = 49.052864074707, time/batch = 8.936414241791
2025-04-24 17:29:13,302:INFO: 22/260 (epoch 0), train_loss = 49.519660949707, time/batch = 11.423812627792
2025-04-24 17:29:26,610:INFO: 23/260 (epoch 0), train_loss = 49.324081420898, time/batch = 13.307706832886
2025-04-24 17:29:48,914:INFO: 24/260 (epoch 0), train_loss = 47.505790710449, time/batch = 22.303109884262
2025-04-24 17:29:56,673:INFO: 25/260 (epoch 0), train_loss = 50.635978698730, time/batch = 7.757868289948
2025-04-24 17:29:56,674:INFO: (epoch 0), loss = 48.952
2025-04-24 17:29:56,674:INFO: Best epoch 0, Best loss 48.95164856543908
2025-04-24 17:29:56,674:INFO: Saving model
2025-04-24 17:29:59,032:INFO: 26/260 (epoch 1), train_loss = 46.463687896729, time/batch = 2.325555324554
2025-04-24 17:30:20,233:INFO: 27/260 (epoch 1), train_loss = 49.166419982910, time/batch = 21.201207637787
2025-04-24 17:30:35,860:INFO: 28/260 (epoch 1), train_loss = 49.462341308594, time/batch = 15.626329898834
2025-04-24 17:30:58,441:INFO: 29/260 (epoch 1), train_loss = 49.518169403076, time/batch = 22.580615758896
2025-04-24 17:30:59,325:INFO: 30/260 (epoch 1), train_loss = 48.625339508057, time/batch = 0.883934259415
2025-04-24 17:31:08,846:INFO: 31/260 (epoch 1), train_loss = 48.856571197510, time/batch = 9.519809246063
2025-04-24 17:31:28,675:INFO: 32/260 (epoch 1), train_loss = 48.881759643555, time/batch = 19.829160928726
2025-04-24 17:31:38,475:INFO: 33/260 (epoch 1), train_loss = 48.789825439453, time/batch = 9.798884391785
2025-04-24 17:31:47,384:INFO: 34/260 (epoch 1), train_loss = 49.647277832031, time/batch = 8.909341335297
2025-04-24 17:31:58,548:INFO: 35/260 (epoch 1), train_loss = 50.487182617188, time/batch = 11.163823604584
2025-04-24 17:32:11,631:INFO: 36/260 (epoch 1), train_loss = 50.519649505615, time/batch = 13.083207130432
2025-04-24 17:32:33,951:INFO: 37/260 (epoch 1), train_loss = 48.882797241211, time/batch = 22.319564819336
2025-04-24 17:32:41,442:INFO: 38/260 (epoch 1), train_loss = 51.399703979492, time/batch = 7.490864038467
2025-04-24 17:32:43,734:INFO: 39/260 (epoch 1), train_loss = 47.842830657959, time/batch = 2.291855573654
2025-04-24 17:33:04,908:INFO: 40/260 (epoch 1), train_loss = 49.150146484375, time/batch = 21.173998594284
2025-04-24 17:33:20,413:INFO: 41/260 (epoch 1), train_loss = 49.677150726318, time/batch = 15.505358219147
2025-04-24 17:33:43,117:INFO: 42/260 (epoch 1), train_loss = 49.101715087891, time/batch = 22.704090833664
2025-04-24 17:33:44,047:INFO: 43/260 (epoch 1), train_loss = 49.544517517090, time/batch = 0.929468870163
2025-04-24 17:33:53,550:INFO: 44/260 (epoch 1), train_loss = 49.859939575195, time/batch = 9.503066539764
2025-04-24 17:34:13,465:INFO: 45/260 (epoch 1), train_loss = 48.484580993652, time/batch = 19.915019989014
2025-04-24 17:34:24,859:INFO: 46/260 (epoch 1), train_loss = 48.578586578369, time/batch = 11.393809556961
2025-04-24 17:34:34,171:INFO: 47/260 (epoch 1), train_loss = 48.570491790771, time/batch = 9.311253070831
2025-04-24 17:34:45,662:INFO: 48/260 (epoch 1), train_loss = 49.977310180664, time/batch = 11.490704536438
2025-04-24 17:34:59,803:INFO: 49/260 (epoch 1), train_loss = 49.767269134521, time/batch = 14.139672040939
2025-04-24 17:35:23,895:INFO: 50/260 (epoch 1), train_loss = 48.425590515137, time/batch = 24.090506792068
2025-04-24 17:35:31,793:INFO: 51/260 (epoch 1), train_loss = 51.265968322754, time/batch = 7.897118091583
2025-04-24 17:35:31,793:INFO: (epoch 1), loss = 49.267
2025-04-24 17:35:31,793:INFO: Best epoch 0, Best loss 48.95164856543908
2025-04-24 17:35:31,793:INFO: Saving model
2025-04-24 17:35:34,288:INFO: 52/260 (epoch 2), train_loss = 46.822582244873, time/batch = 2.461118221283
2025-04-24 17:35:56,623:INFO: 53/260 (epoch 2), train_loss = 49.747730255127, time/batch = 22.335021495819
2025-04-24 17:36:12,789:INFO: 54/260 (epoch 2), train_loss = 50.294017791748, time/batch = 16.165635108948
2025-04-24 17:36:35,431:INFO: 55/260 (epoch 2), train_loss = 48.875396728516, time/batch = 22.641997098923
2025-04-24 17:36:36,334:INFO: 56/260 (epoch 2), train_loss = 48.442733764648, time/batch = 0.903023004532
2025-04-24 17:36:45,733:INFO: 57/260 (epoch 2), train_loss = 50.088527679443, time/batch = 9.398471355438
2025-04-24 17:37:04,644:INFO: 58/260 (epoch 2), train_loss = 48.800300598145, time/batch = 18.911553382874
2025-04-24 17:37:14,135:INFO: 59/260 (epoch 2), train_loss = 49.300952911377, time/batch = 9.490775346756
2025-04-24 17:37:23,013:INFO: 60/260 (epoch 2), train_loss = 49.117362976074, time/batch = 8.878416538239
2025-04-24 17:37:34,605:INFO: 61/260 (epoch 2), train_loss = 50.325813293457, time/batch = 11.590581893921
2025-04-24 17:37:47,981:INFO: 62/260 (epoch 2), train_loss = 50.458854675293, time/batch = 13.375591278076
2025-04-24 17:38:12,051:INFO: 63/260 (epoch 2), train_loss = 48.564987182617, time/batch = 24.068692922592
2025-04-24 17:38:19,437:INFO: 64/260 (epoch 2), train_loss = 52.515232086182, time/batch = 7.385614156723
2025-04-24 17:38:21,773:INFO: 65/260 (epoch 2), train_loss = 46.256496429443, time/batch = 2.336463451385
2025-04-24 18:35:34,678:INFO: Training begin
2025-04-24 18:36:22,111:INFO: Training begin
2025-04-24 18:37:06,638:INFO: Training begin
2025-04-24 18:37:27,114:INFO: 0/260 (epoch 0), train_loss = 2.779563665390, time/batch = 20.475239515305
2025-04-24 18:37:40,905:INFO: 1/260 (epoch 0), train_loss = 2.663684606552, time/batch = 13.790478706360
2025-04-24 18:37:56,893:INFO: 2/260 (epoch 0), train_loss = 2.802297830582, time/batch = 15.987574815750
2025-04-24 18:38:05,986:INFO: 3/260 (epoch 0), train_loss = 3.332950353622, time/batch = 9.093212842941
2025-04-24 18:38:29,297:INFO: 4/260 (epoch 0), train_loss = 3.689264535904, time/batch = 23.310885667801
2025-04-24 18:38:31,713:INFO: 5/260 (epoch 0), train_loss = 2.853331089020, time/batch = 2.414198875427
2025-04-24 18:38:41,535:INFO: 6/260 (epoch 0), train_loss = 3.114044427872, time/batch = 9.822110652924
2025-04-24 18:39:05,419:INFO: 7/260 (epoch 0), train_loss = 2.020088911057, time/batch = 23.883528232574
2025-04-24 18:39:25,120:INFO: 8/260 (epoch 0), train_loss = 1.968561530113, time/batch = 19.700479269028
2025-04-24 18:39:37,160:INFO: 9/260 (epoch 0), train_loss = 4.964461326599, time/batch = 12.040432929993
2025-04-24 18:39:46,255:INFO: 10/260 (epoch 0), train_loss = 2.732052326202, time/batch = 9.094632625580
2025-04-24 18:39:57,380:INFO: 11/260 (epoch 0), train_loss = 2.836312294006, time/batch = 11.124503135681
2025-04-24 18:39:58,264:INFO: 12/260 (epoch 0), train_loss = 2.548596382141, time/batch = 0.883939266205
2025-04-24 18:40:19,685:INFO: 13/260 (epoch 0), train_loss = 2.023550748825, time/batch = 21.420030355453
2025-04-24 18:40:33,018:INFO: 14/260 (epoch 0), train_loss = 1.956617116928, time/batch = 13.332592964172
2025-04-24 18:40:48,781:INFO: 15/260 (epoch 0), train_loss = 2.129362583160, time/batch = 15.762164354324
2025-04-24 18:40:58,024:INFO: 16/260 (epoch 0), train_loss = 2.551441669464, time/batch = 9.242908239365
2025-04-24 18:41:21,383:INFO: 17/260 (epoch 0), train_loss = 3.817107439041, time/batch = 23.359362840652
2025-04-24 18:41:23,706:INFO: 18/260 (epoch 0), train_loss = 2.147704839706, time/batch = 2.321080684662
2025-04-24 18:41:33,315:INFO: 19/260 (epoch 0), train_loss = 2.363187789917, time/batch = 9.608350992203
2025-04-24 18:41:56,117:INFO: 20/260 (epoch 0), train_loss = 1.287453174591, time/batch = 22.802160739899
2025-04-24 18:42:15,429:INFO: 21/260 (epoch 0), train_loss = 1.207500934601, time/batch = 19.311438083649
2025-04-24 18:42:26,802:INFO: 22/260 (epoch 0), train_loss = 7.750570297241, time/batch = 11.372845888138
2025-04-24 18:42:34,423:INFO: 23/260 (epoch 0), train_loss = 1.869032382965, time/batch = 7.621741771698
2025-04-24 18:42:44,304:INFO: 24/260 (epoch 0), train_loss = 2.073922395706, time/batch = 9.880471706390
2025-04-24 18:42:45,188:INFO: 25/260 (epoch 0), train_loss = 1.725967764854, time/batch = 0.882975339890
2025-04-24 18:42:45,188:INFO: (epoch 0), loss = 2.739
2025-04-24 18:42:45,188:INFO: Best epoch 0, Best loss 2.7387934006177463
2025-04-24 18:42:45,189:INFO: Saving model
2025-04-24 18:43:06,635:INFO: 26/260 (epoch 1), train_loss = 1.032010316849, time/batch = 21.414860010147
2025-04-24 18:43:20,162:INFO: 27/260 (epoch 1), train_loss = 0.905331254005, time/batch = 13.525635004044
2025-04-24 18:43:35,832:INFO: 28/260 (epoch 1), train_loss = 1.010671854019, time/batch = 15.669889688492
2025-04-24 18:43:44,965:INFO: 29/260 (epoch 1), train_loss = 1.388437509537, time/batch = 9.132694244385
2025-04-24 18:44:08,407:INFO: 30/260 (epoch 1), train_loss = 7.464315891266, time/batch = 23.442024230957
2025-04-24 18:44:10,778:INFO: 31/260 (epoch 1), train_loss = 0.862249553204, time/batch = 2.370230197906
2025-04-24 18:44:23,504:INFO: 32/260 (epoch 1), train_loss = 0.896279931068, time/batch = 12.725625753403
2025-04-24 18:44:49,913:INFO: 33/260 (epoch 1), train_loss = -0.071048989892, time/batch = 26.408684253693
2025-04-24 18:45:12,433:INFO: 34/260 (epoch 1), train_loss = -0.223849192262, time/batch = 22.519915342331
2025-04-24 18:45:25,820:INFO: 35/260 (epoch 1), train_loss = 36.977180480957, time/batch = 13.387361526489
2025-04-24 18:45:34,589:INFO: 36/260 (epoch 1), train_loss = 0.341668277979, time/batch = 8.768047809601
2025-04-24 18:45:45,755:INFO: 37/260 (epoch 1), train_loss = 0.953043639660, time/batch = 11.165890455246
2025-04-24 18:45:46,773:INFO: 38/260 (epoch 1), train_loss = 0.271267384291, time/batch = 1.017187595367
2025-04-24 18:46:11,584:INFO: 39/260 (epoch 1), train_loss = -0.382448673248, time/batch = 24.811106920242
2025-04-24 18:46:26,993:INFO: 40/260 (epoch 1), train_loss = -0.338193535805, time/batch = 15.408850908279
2025-04-24 18:46:45,003:INFO: 41/260 (epoch 1), train_loss = -0.583708643913, time/batch = 18.010382652283
2025-04-24 18:46:55,581:INFO: 42/260 (epoch 1), train_loss = -0.178512215614, time/batch = 10.576730251312
2025-04-24 18:47:22,046:INFO: 43/260 (epoch 1), train_loss = 17.308204650879, time/batch = 26.464052200317
2025-04-24 18:47:24,398:INFO: 44/260 (epoch 1), train_loss = 0.455981463194, time/batch = 2.351778507233
2025-04-24 18:47:34,201:INFO: 45/260 (epoch 1), train_loss = -0.364026486874, time/batch = 9.802903652191
2025-04-24 18:47:56,848:INFO: 46/260 (epoch 1), train_loss = -0.643918693066, time/batch = 22.646461248398
2025-04-24 18:48:16,326:INFO: 47/260 (epoch 1), train_loss = -1.196135163307, time/batch = 19.476612806320
2025-04-24 18:48:27,826:INFO: 48/260 (epoch 1), train_loss = 46.875335693359, time/batch = 11.499332904816
2025-04-24 18:48:35,514:INFO: 49/260 (epoch 1), train_loss = -0.540155410767, time/batch = 7.687774658203
2025-04-24 18:48:45,338:INFO: 50/260 (epoch 1), train_loss = 3.660046815872, time/batch = 9.823754549026
2025-04-24 18:48:46,236:INFO: 51/260 (epoch 1), train_loss = 2.838127613068, time/batch = 0.898496627808
2025-04-24 18:48:46,236:INFO: (epoch 1), loss = 4.566
2025-04-24 18:48:46,236:INFO: Best epoch 0, Best loss 2.7387934006177463
2025-04-24 18:48:46,236:INFO: Saving model
2025-04-24 18:49:07,526:INFO: 52/260 (epoch 2), train_loss = -0.945494174957, time/batch = 21.258017301559
2025-04-24 18:49:20,849:INFO: 53/260 (epoch 2), train_loss = -1.406684398651, time/batch = 13.322183847427
2025-04-24 18:49:36,418:INFO: 54/260 (epoch 2), train_loss = -0.434746295214, time/batch = 15.569642305374
2025-04-24 18:49:45,616:INFO: 55/260 (epoch 2), train_loss = -0.878819525242, time/batch = 9.197789430618
2025-04-24 18:50:08,691:INFO: 56/260 (epoch 2), train_loss = 22.893087387085, time/batch = 23.074549436569
2025-04-24 18:50:10,993:INFO: 57/260 (epoch 2), train_loss = 2.923372507095, time/batch = 2.302157640457
2025-04-24 18:50:20,603:INFO: 58/260 (epoch 2), train_loss = 0.935080051422, time/batch = 9.610411882401
2025-04-24 18:50:43,068:INFO: 59/260 (epoch 2), train_loss = 3.768017530441, time/batch = 22.464979410172
2025-04-24 18:51:02,274:INFO: 60/260 (epoch 2), train_loss = 3.042872905731, time/batch = 19.204515933990
2025-04-24 18:51:13,495:INFO: 61/260 (epoch 2), train_loss = 24.658718109131, time/batch = 11.221243381500
2025-04-24 18:51:20,976:INFO: 62/260 (epoch 2), train_loss = 1.602984070778, time/batch = 7.480459213257
2025-04-24 18:51:30,623:INFO: 63/260 (epoch 2), train_loss = -0.137731313705, time/batch = 9.646725893021
2025-04-24 18:51:31,512:INFO: 64/260 (epoch 2), train_loss = -0.577591717243, time/batch = 0.888863325119
2025-04-24 18:51:52,689:INFO: 65/260 (epoch 2), train_loss = -0.592122375965, time/batch = 21.176489353180
2025-04-24 18:52:06,031:INFO: 66/260 (epoch 2), train_loss = -0.870962440968, time/batch = 13.342175722122
2025-04-24 18:52:21,742:INFO: 67/260 (epoch 2), train_loss = 0.027699202299, time/batch = 15.711388349533
2025-04-24 18:52:31,431:INFO: 68/260 (epoch 2), train_loss = 0.745456218719, time/batch = 9.688696861267
2025-04-24 18:52:54,917:INFO: 69/260 (epoch 2), train_loss = 16.905780792236, time/batch = 23.486441135406
2025-04-24 18:52:57,283:INFO: 70/260 (epoch 2), train_loss = 0.130563676357, time/batch = 2.366169214249
2025-04-24 18:53:07,108:INFO: 71/260 (epoch 2), train_loss = 1.110866069794, time/batch = 9.823948621750
2025-04-24 18:53:30,136:INFO: 72/260 (epoch 2), train_loss = -0.801115870476, time/batch = 23.026536226273
2025-04-24 18:53:49,504:INFO: 73/260 (epoch 2), train_loss = -0.892256259918, time/batch = 19.366562128067
2025-04-24 18:54:00,789:INFO: 74/260 (epoch 2), train_loss = 10.426132202148, time/batch = 11.285538673401
2025-04-24 18:54:08,305:INFO: 75/260 (epoch 2), train_loss = -0.213071942329, time/batch = 7.515522718430
2025-04-24 18:54:17,871:INFO: 76/260 (epoch 2), train_loss = -0.007899910212, time/batch = 9.566447019577
2025-04-24 18:54:18,767:INFO: 77/260 (epoch 2), train_loss = -0.491617381573, time/batch = 0.895221948624
2025-04-24 18:54:18,767:INFO: (epoch 2), loss = 3.112
2025-04-24 18:54:18,768:INFO: Best epoch 0, Best loss 2.7387934006177463
2025-04-24 18:54:18,768:INFO: Saving model
2025-04-24 18:54:40,033:INFO: 78/260 (epoch 3), train_loss = -0.473491787910, time/batch = 21.233690500259
2025-04-24 18:54:53,326:INFO: 79/260 (epoch 3), train_loss = -0.434110939503, time/batch = 13.292706727982
2025-04-24 18:55:08,823:INFO: 80/260 (epoch 3), train_loss = -0.628429412842, time/batch = 15.497131347656
2025-04-24 18:55:17,823:INFO: 81/260 (epoch 3), train_loss = -0.742395043373, time/batch = 8.999752044678
2025-04-24 18:55:40,681:INFO: 82/260 (epoch 3), train_loss = 12.079287528992, time/batch = 22.857655525208
2025-04-24 18:55:43,058:INFO: 83/260 (epoch 3), train_loss = 0.107203781605, time/batch = 2.377033472061
2025-04-24 18:55:52,827:INFO: 84/260 (epoch 3), train_loss = -0.934607863426, time/batch = 9.769712686539
2025-04-24 18:56:18,402:INFO: 85/260 (epoch 3), train_loss = -0.599810957909, time/batch = 25.574476242065
2025-04-24 18:56:40,800:INFO: 86/260 (epoch 3), train_loss = -0.759347140789, time/batch = 22.398106098175
2025-04-24 18:56:53,994:INFO: 87/260 (epoch 3), train_loss = 7.351216316223, time/batch = 13.193490743637
2025-04-24 18:57:03,037:INFO: 88/260 (epoch 3), train_loss = -0.791512966156, time/batch = 9.042389392853
2025-04-24 18:57:14,243:INFO: 89/260 (epoch 3), train_loss = -0.966022729874, time/batch = 11.205444574356
2025-04-24 18:57:15,240:INFO: 90/260 (epoch 3), train_loss = -1.045056939125, time/batch = 0.996856212616
2025-04-24 18:57:40,013:INFO: 91/260 (epoch 3), train_loss = -1.410773396492, time/batch = 24.773254394531
2025-04-24 18:57:55,412:INFO: 92/260 (epoch 3), train_loss = -1.492726087570, time/batch = 15.398572921753
2025-04-24 18:58:13,360:INFO: 93/260 (epoch 3), train_loss = -0.347322076559, time/batch = 17.947163343430
2025-04-24 18:58:23,855:INFO: 94/260 (epoch 3), train_loss = -0.435990363359, time/batch = 10.495492458344
2025-04-24 18:58:51,575:INFO: 95/260 (epoch 3), train_loss = 5.879851341248, time/batch = 27.719533681870
2025-04-24 18:58:54,340:INFO: 96/260 (epoch 3), train_loss = -1.273270368576, time/batch = 2.765572309494
2025-04-24 18:59:05,868:INFO: 97/260 (epoch 3), train_loss = -0.599230408669, time/batch = 11.527451038361
2025-04-24 18:59:32,625:INFO: 98/260 (epoch 3), train_loss = -2.129532098770, time/batch = 26.757797956467
2025-04-24 18:59:54,811:INFO: 99/260 (epoch 3), train_loss = -2.236041784286, time/batch = 22.184724092484
2025-04-24 19:00:07,966:INFO: 100/260 (epoch 3), train_loss = 3.949885606766, time/batch = 13.154203653336
2025-04-24 19:00:16,916:INFO: 101/260 (epoch 3), train_loss = -1.821714162827, time/batch = 8.949860334396
2025-04-24 19:00:28,687:INFO: 102/260 (epoch 3), train_loss = -0.299857884645, time/batch = 11.771344423294
2025-04-24 19:00:29,711:INFO: 103/260 (epoch 3), train_loss = -0.712726056576, time/batch = 1.024437189102
2025-04-24 19:00:29,711:INFO: (epoch 3), loss = 0.355
2025-04-24 19:00:29,711:INFO: Best epoch 3, Best loss 0.35513361944602084
2025-04-24 19:00:29,711:INFO: Saving model
2025-04-24 19:00:54,958:INFO: 104/260 (epoch 4), train_loss = -1.659428000450, time/batch = 25.214840412140
2025-04-24 19:01:10,758:INFO: 105/260 (epoch 4), train_loss = -1.942855596542, time/batch = 15.800224065781
2025-04-24 19:01:29,056:INFO: 106/260 (epoch 4), train_loss = -0.992729544640, time/batch = 18.298034667969
2025-04-24 19:01:39,883:INFO: 107/260 (epoch 4), train_loss = -1.755884885788, time/batch = 10.826972246170
2025-04-24 19:02:06,019:INFO: 108/260 (epoch 4), train_loss = 3.777418851852, time/batch = 26.135003566742
2025-04-24 19:02:08,365:INFO: 109/260 (epoch 4), train_loss = -1.258769750595, time/batch = 2.346013545990
2025-04-24 19:02:17,915:INFO: 110/260 (epoch 4), train_loss = -2.419348478317, time/batch = 9.548800468445
2025-04-24 19:02:40,365:INFO: 111/260 (epoch 4), train_loss = -0.799417734146, time/batch = 22.450207471848
2025-04-24 19:02:59,603:INFO: 112/260 (epoch 4), train_loss = -1.436173200607, time/batch = 19.236707687378
2025-04-24 19:03:10,906:INFO: 113/260 (epoch 4), train_loss = 3.400857925415, time/batch = 11.303750753403
2025-04-24 19:03:18,411:INFO: 114/260 (epoch 4), train_loss = -0.837889194489, time/batch = 7.504887580872
2025-04-24 19:03:27,990:INFO: 115/260 (epoch 4), train_loss = -0.741967439651, time/batch = 9.579142808914
2025-04-24 19:03:28,866:INFO: 116/260 (epoch 4), train_loss = -0.308935731649, time/batch = 0.875653743744
2025-04-24 19:03:50,796:INFO: 117/260 (epoch 4), train_loss = -2.997370958328, time/batch = 21.928944826126
2025-04-24 19:04:04,382:INFO: 118/260 (epoch 4), train_loss = -2.853721857071, time/batch = 13.584953784943
2025-04-24 19:04:20,313:INFO: 119/260 (epoch 4), train_loss = 0.246125549078, time/batch = 15.930966377258
2025-04-24 19:04:29,528:INFO: 120/260 (epoch 4), train_loss = -0.335386902094, time/batch = 9.215323686600
2025-04-24 19:04:52,443:INFO: 121/260 (epoch 4), train_loss = 3.253637790680, time/batch = 22.914698839188
2025-04-24 19:04:54,809:INFO: 122/260 (epoch 4), train_loss = -2.015487432480, time/batch = 2.365049839020
2025-04-24 19:05:04,377:INFO: 123/260 (epoch 4), train_loss = -1.281943321228, time/batch = 9.567830562592
2025-04-24 19:05:26,889:INFO: 124/260 (epoch 4), train_loss = -3.283148050308, time/batch = 22.512261629105
2025-04-24 19:05:45,986:INFO: 125/260 (epoch 4), train_loss = -3.308484554291, time/batch = 19.097327709198
2025-04-24 19:05:57,213:INFO: 126/260 (epoch 4), train_loss = 3.217428445816, time/batch = 11.225441455841
2025-04-24 19:06:04,768:INFO: 127/260 (epoch 4), train_loss = -1.674037575722, time/batch = 7.555171012878
2025-04-24 19:06:14,417:INFO: 128/260 (epoch 4), train_loss = -1.690158009529, time/batch = 9.647403001785
2025-04-24 19:06:15,299:INFO: 129/260 (epoch 4), train_loss = -2.418883085251, time/batch = 0.882227182388
2025-04-24 19:06:15,299:INFO: (epoch 4), loss = -0.851
2025-04-24 19:06:15,299:INFO: Best epoch 4, Best loss -0.8506366438590564
2025-04-24 19:06:15,300:INFO: Saving model
2025-04-24 19:06:36,579:INFO: 130/260 (epoch 5), train_loss = -2.691148042679, time/batch = 21.247582197189
2025-04-24 19:06:49,897:INFO: 131/260 (epoch 5), train_loss = -2.541479110718, time/batch = 13.317416906357
2025-04-24 19:07:05,376:INFO: 132/260 (epoch 5), train_loss = -0.883108973503, time/batch = 15.478254795074
2025-04-24 19:07:14,484:INFO: 133/260 (epoch 5), train_loss = -1.639516115189, time/batch = 9.107633113861
2025-04-24 19:07:37,441:INFO: 134/260 (epoch 5), train_loss = 3.058106660843, time/batch = 22.956345081329
2025-04-24 19:07:39,783:INFO: 135/260 (epoch 5), train_loss = -2.626833438873, time/batch = 2.342005968094
2025-04-24 19:07:49,354:INFO: 136/260 (epoch 5), train_loss = -2.731798410416, time/batch = 9.571469545364
2025-04-24 19:08:11,953:INFO: 137/260 (epoch 5), train_loss = -2.746049642563, time/batch = 22.598552942276
2025-04-24 19:08:31,000:INFO: 138/260 (epoch 5), train_loss = -2.179809093475, time/batch = 19.046543598175
2025-04-24 19:08:42,268:INFO: 139/260 (epoch 5), train_loss = 2.919762372971, time/batch = 11.267593622208
2025-04-24 19:08:49,859:INFO: 140/260 (epoch 5), train_loss = -1.449591040611, time/batch = 7.590096235275
2025-04-24 19:08:59,462:INFO: 141/260 (epoch 5), train_loss = -2.922783374786, time/batch = 9.603085994720
2025-04-24 19:09:00,339:INFO: 142/260 (epoch 5), train_loss = -3.160190582275, time/batch = 0.877075672150
2025-04-24 19:09:21,602:INFO: 143/260 (epoch 5), train_loss = -2.662033557892, time/batch = 21.262595653534
2025-04-24 19:09:34,853:INFO: 144/260 (epoch 5), train_loss = -3.118596076965, time/batch = 13.251410245895
2025-04-24 19:09:50,620:INFO: 145/260 (epoch 5), train_loss = 1.212477803230, time/batch = 15.766443490982
2025-04-24 19:09:59,621:INFO: 146/260 (epoch 5), train_loss = -2.979786872864, time/batch = 9.001540660858
2025-04-24 19:10:22,286:INFO: 147/260 (epoch 5), train_loss = 2.743796348572, time/batch = 22.665286064148
2025-04-24 19:10:24,680:INFO: 148/260 (epoch 5), train_loss = -3.119627714157, time/batch = 2.394063472748
2025-04-24 19:10:34,530:INFO: 149/260 (epoch 5), train_loss = -3.289910078049, time/batch = 9.849331140518
2025-04-24 19:10:57,116:INFO: 150/260 (epoch 5), train_loss = -4.042116641998, time/batch = 22.586055994034
2025-04-24 19:11:16,814:INFO: 151/260 (epoch 5), train_loss = -4.048812866211, time/batch = 19.698557853699
2025-04-24 19:11:28,159:INFO: 152/260 (epoch 5), train_loss = 2.479628324509, time/batch = 11.344300031662
2025-04-24 19:11:35,727:INFO: 153/260 (epoch 5), train_loss = -2.647823333740, time/batch = 7.567800045013
2025-04-24 19:11:45,417:INFO: 154/260 (epoch 5), train_loss = -3.056873083115, time/batch = 9.689909696579
2025-04-24 19:11:46,321:INFO: 155/260 (epoch 5), train_loss = -3.001168966293, time/batch = 0.903186798096
2025-04-24 19:11:46,321:INFO: (epoch 5), loss = -1.736
2025-04-24 19:11:46,321:INFO: Best epoch 5, Best loss -1.7355879040864797
2025-04-24 19:11:46,321:INFO: Saving model
2025-04-24 19:12:07,686:INFO: 156/260 (epoch 6), train_loss = -2.565349817276, time/batch = 21.334912538528
2025-04-24 19:12:21,059:INFO: 157/260 (epoch 6), train_loss = -3.646016836166, time/batch = 13.372441053391
2025-04-24 19:12:36,605:INFO: 158/260 (epoch 6), train_loss = 3.667276144028, time/batch = 15.546369791031
2025-04-24 19:12:45,737:INFO: 159/260 (epoch 6), train_loss = 2.926512718201, time/batch = 9.131382703781
2025-04-24 19:13:12,211:INFO: 160/260 (epoch 6), train_loss = 1.962118625641, time/batch = 26.474550008774
2025-04-24 19:13:14,576:INFO: 161/260 (epoch 6), train_loss = -2.851580619812, time/batch = 2.364929199219
2025-04-24 19:13:24,626:INFO: 162/260 (epoch 6), train_loss = -3.589331150055, time/batch = 10.049929618835
2025-04-24 19:13:47,229:INFO: 163/260 (epoch 6), train_loss = 7.892934322357, time/batch = 22.602487325668
2025-04-24 19:14:06,643:INFO: 164/260 (epoch 6), train_loss = 15.481799125671, time/batch = 19.414263963699
2025-04-24 19:14:18,035:INFO: 165/260 (epoch 6), train_loss = 2.254057645798, time/batch = 11.391693353653
2025-04-24 19:14:25,578:INFO: 166/260 (epoch 6), train_loss = 11.329689025879, time/batch = 7.542734622955
2025-04-24 19:14:35,147:INFO: 167/260 (epoch 6), train_loss = 6.104520797729, time/batch = 9.569641113281
2025-04-24 19:14:36,050:INFO: 168/260 (epoch 6), train_loss = -2.928070545197, time/batch = 0.901971817017
2025-04-24 19:14:57,390:INFO: 169/260 (epoch 6), train_loss = 2.509695053101, time/batch = 21.338601827621
2025-04-24 19:15:10,685:INFO: 170/260 (epoch 6), train_loss = 10.452562332153, time/batch = 13.294612407684
2025-04-24 19:15:26,241:INFO: 171/260 (epoch 6), train_loss = 14.673842430115, time/batch = 15.556144714355
2025-04-24 19:15:35,241:INFO: 172/260 (epoch 6), train_loss = 2.407703638077, time/batch = 8.999721288681
2025-04-24 19:15:58,292:INFO: 173/260 (epoch 6), train_loss = 1.699104547501, time/batch = 23.050380468369
2025-04-24 19:16:00,664:INFO: 174/260 (epoch 6), train_loss = -3.651671886444, time/batch = 2.371492385864
2025-04-24 19:16:10,343:INFO: 175/260 (epoch 6), train_loss = -0.042418330908, time/batch = 9.679310083389
2025-04-24 19:16:33,020:INFO: 176/260 (epoch 6), train_loss = 0.961445868015, time/batch = 22.677028894424
2025-04-24 19:16:52,244:INFO: 177/260 (epoch 6), train_loss = 0.810340404510, time/batch = 19.223577499390
2025-04-24 19:17:03,597:INFO: 178/260 (epoch 6), train_loss = 1.797480344772, time/batch = 11.352431774139
2025-04-24 19:17:11,121:INFO: 179/260 (epoch 6), train_loss = -2.781067371368, time/batch = 7.522962808609
2025-04-24 19:17:20,644:INFO: 180/260 (epoch 6), train_loss = -2.661408185959, time/batch = 9.522493600845
2025-04-24 19:17:21,491:INFO: 181/260 (epoch 6), train_loss = -1.563515663147, time/batch = 0.847624540329
2025-04-24 19:17:21,493:INFO: (epoch 6), loss = 2.333
2025-04-24 19:17:21,493:INFO: Best epoch 5, Best loss -1.7355879040864797
2025-04-24 19:17:21,493:INFO: Saving model
2025-04-24 19:17:42,869:INFO: 182/260 (epoch 7), train_loss = -2.001226425171, time/batch = 21.344647645950
2025-04-24 19:17:56,085:INFO: 183/260 (epoch 7), train_loss = -3.733423233032, time/batch = 13.215790271759
2025-04-24 19:18:11,632:INFO: 184/260 (epoch 7), train_loss = 3.719202518463, time/batch = 15.546052217484
2025-04-24 19:18:20,644:INFO: 185/260 (epoch 7), train_loss = 0.341133981943, time/batch = 9.011372804642
2025-04-24 19:18:43,381:INFO: 186/260 (epoch 7), train_loss = 1.368957757950, time/batch = 22.735685348511
2025-04-24 19:18:45,728:INFO: 187/260 (epoch 7), train_loss = -0.790697336197, time/batch = 2.345973730087
2025-04-24 19:18:55,352:INFO: 188/260 (epoch 7), train_loss = -1.577114105225, time/batch = 9.624521017075
2025-04-24 19:19:17,799:INFO: 189/260 (epoch 7), train_loss = -3.871297597885, time/batch = 22.446778297424
2025-04-24 19:19:36,974:INFO: 190/260 (epoch 7), train_loss = -3.082187414169, time/batch = 19.175225019455
2025-04-24 19:19:48,306:INFO: 191/260 (epoch 7), train_loss = 1.473061561584, time/batch = 11.332400083542
2025-04-24 19:19:55,840:INFO: 192/260 (epoch 7), train_loss = -1.987015724182, time/batch = 7.532382011414
2025-04-24 19:20:05,510:INFO: 193/260 (epoch 7), train_loss = -2.703978061676, time/batch = 9.669206857681
2025-04-24 19:20:06,349:INFO: 194/260 (epoch 7), train_loss = -1.764617800713, time/batch = 0.838619232178
2025-04-24 19:20:27,672:INFO: 195/260 (epoch 7), train_loss = -3.271581172943, time/batch = 21.321148157120
2025-04-24 19:20:41,115:INFO: 196/260 (epoch 7), train_loss = -3.513368606567, time/batch = 13.443118572235
2025-04-24 19:20:56,641:INFO: 197/260 (epoch 7), train_loss = 3.186644554138, time/batch = 15.524943113327
2025-04-24 19:21:05,655:INFO: 198/260 (epoch 7), train_loss = -3.427642107010, time/batch = 9.014200925827
2025-04-24 19:21:28,593:INFO: 199/260 (epoch 7), train_loss = 3.889550685883, time/batch = 22.937577962875
2025-04-24 19:21:30,945:INFO: 200/260 (epoch 7), train_loss = 7.983584403992, time/batch = 2.351498126984
2025-04-24 19:21:40,592:INFO: 201/260 (epoch 7), train_loss = 5.695823669434, time/batch = 9.647738933563
2025-04-24 19:22:03,115:INFO: 202/260 (epoch 7), train_loss = 7.204905509949, time/batch = 22.522154569626
2025-04-24 19:22:22,354:INFO: 203/260 (epoch 7), train_loss = 3.428883790970, time/batch = 19.238735198975
2025-04-24 19:22:33,612:INFO: 204/260 (epoch 7), train_loss = 1.713453769684, time/batch = 11.257495880127
2025-04-24 19:22:41,140:INFO: 205/260 (epoch 7), train_loss = 3.983095169067, time/batch = 7.528335332870
2025-04-24 19:22:50,789:INFO: 206/260 (epoch 7), train_loss = 1.593980550766, time/batch = 9.648951292038
2025-04-24 19:22:51,655:INFO: 207/260 (epoch 7), train_loss = 0.403727173805, time/batch = 0.865715742111
2025-04-24 19:22:51,655:INFO: (epoch 7), loss = 0.549
2025-04-24 19:22:51,655:INFO: Best epoch 5, Best loss -1.7355879040864797
2025-04-24 19:22:51,655:INFO: Saving model
2025-04-24 19:23:12,973:INFO: 208/260 (epoch 8), train_loss = -0.223763629794, time/batch = 21.287986040115
2025-04-24 19:23:26,269:INFO: 209/260 (epoch 8), train_loss = -1.908100605011, time/batch = 13.296189785004
2025-04-24 19:23:41,868:INFO: 210/260 (epoch 8), train_loss = -2.291828870773, time/batch = 15.598002195358
2025-04-24 19:23:51,019:INFO: 211/260 (epoch 8), train_loss = -2.089638948441, time/batch = 9.151185989380
2025-04-24 19:24:13,820:INFO: 212/260 (epoch 8), train_loss = 1.774318218231, time/batch = 22.800342559814
2025-04-24 19:24:16,170:INFO: 213/260 (epoch 8), train_loss = -2.322786092758, time/batch = 2.349512815475
2025-04-24 19:24:25,817:INFO: 214/260 (epoch 8), train_loss = -1.969921708107, time/batch = 9.646506786346
2025-04-24 19:24:48,447:INFO: 215/260 (epoch 8), train_loss = -3.369629859924, time/batch = 22.628870487213
2025-04-24 19:25:07,698:INFO: 216/260 (epoch 8), train_loss = -3.332669973373, time/batch = 19.251479387283
2025-04-24 19:25:19,007:INFO: 217/260 (epoch 8), train_loss = 1.730633258820, time/batch = 11.308660268784
2025-04-24 19:25:26,622:INFO: 218/260 (epoch 8), train_loss = -2.026683568954, time/batch = 7.615436792374
2025-04-24 19:25:36,215:INFO: 219/260 (epoch 8), train_loss = -2.222954750061, time/batch = 9.591623783112
2025-04-24 19:25:37,062:INFO: 220/260 (epoch 8), train_loss = -2.654584884644, time/batch = 0.846574544907
2025-04-24 19:25:58,745:INFO: 221/260 (epoch 8), train_loss = -2.873369932175, time/batch = 21.682462930679
2025-04-24 19:26:12,291:INFO: 222/260 (epoch 8), train_loss = -2.909915447235, time/batch = 13.545982360840
2025-04-24 19:26:27,862:INFO: 223/260 (epoch 8), train_loss = 0.085213854909, time/batch = 15.571075677872
2025-04-24 19:26:37,137:INFO: 224/260 (epoch 8), train_loss = -2.515914916992, time/batch = 9.274065494537
2025-04-24 19:26:59,985:INFO: 225/260 (epoch 8), train_loss = 1.476043105125, time/batch = 22.847541570663
2025-04-24 19:27:02,341:INFO: 226/260 (epoch 8), train_loss = -2.702095746994, time/batch = 2.355384111404
2025-04-24 19:27:12,042:INFO: 227/260 (epoch 8), train_loss = -2.158574581146, time/batch = 9.700607061386
2025-04-24 19:27:34,818:INFO: 228/260 (epoch 8), train_loss = -3.440626144409, time/batch = 22.775352001190
2025-04-24 19:27:54,196:INFO: 229/260 (epoch 8), train_loss = -3.669888973236, time/batch = 19.377654075623
2025-04-24 19:28:05,413:INFO: 230/260 (epoch 8), train_loss = 1.328582167625, time/batch = 11.217509031296
2025-04-24 19:28:13,010:INFO: 231/260 (epoch 8), train_loss = -1.864035129547, time/batch = 7.596770048141
2025-04-24 19:28:22,575:INFO: 232/260 (epoch 8), train_loss = -2.875886201859, time/batch = 9.565299987793
2025-04-24 19:28:23,446:INFO: 233/260 (epoch 8), train_loss = -3.335281372070, time/batch = 0.869246959686
2025-04-24 19:28:23,446:INFO: (epoch 8), loss = -1.783
2025-04-24 19:28:23,446:INFO: Best epoch 8, Best loss -1.7832061820305312
2025-04-24 19:28:23,446:INFO: Saving model
2025-04-24 19:28:44,656:INFO: 234/260 (epoch 9), train_loss = -2.586631059647, time/batch = 21.180434703827
2025-04-24 19:28:57,911:INFO: 235/260 (epoch 9), train_loss = -2.890725612640, time/batch = 13.255007505417
2025-04-24 19:29:13,551:INFO: 236/260 (epoch 9), train_loss = 0.622332692146, time/batch = 15.639150619507
2025-04-24 19:29:22,724:INFO: 237/260 (epoch 9), train_loss = -3.491070508957, time/batch = 9.173208713531
2025-04-24 19:29:45,583:INFO: 238/260 (epoch 9), train_loss = 1.792870163918, time/batch = 22.858158349991
2025-04-24 19:29:47,925:INFO: 239/260 (epoch 9), train_loss = -0.902474761009, time/batch = 2.341128110886
2025-04-24 19:29:57,593:INFO: 240/260 (epoch 9), train_loss = -0.910509824753, time/batch = 9.668255805969
2025-04-24 19:30:20,173:INFO: 241/260 (epoch 9), train_loss = -2.126362323761, time/batch = 22.580035448074
2025-04-24 19:30:39,396:INFO: 242/260 (epoch 9), train_loss = -3.813655376434, time/batch = 19.222994565964
2025-04-24 19:30:50,710:INFO: 243/260 (epoch 9), train_loss = 2.047062635422, time/batch = 11.313069820404
2025-04-24 19:30:58,338:INFO: 244/260 (epoch 9), train_loss = 4.771977901459, time/batch = 7.626360416412
2025-04-24 19:31:07,963:INFO: 245/260 (epoch 9), train_loss = 6.204563140869, time/batch = 9.624519109726
2025-04-24 19:31:08,834:INFO: 246/260 (epoch 9), train_loss = 2.925573110580, time/batch = 0.870735168457
2025-04-24 19:31:30,061:INFO: 247/260 (epoch 9), train_loss = -2.242779731750, time/batch = 21.227415561676
2025-04-24 19:31:43,372:INFO: 248/260 (epoch 9), train_loss = -4.218145370483, time/batch = 13.310766458511
2025-04-24 19:31:58,849:INFO: 249/260 (epoch 9), train_loss = 7.785831928253, time/batch = 15.476140499115
2025-04-24 19:32:08,044:INFO: 250/260 (epoch 9), train_loss = 4.419124603271, time/batch = 9.194535017014
2025-04-24 19:32:31,076:INFO: 251/260 (epoch 9), train_loss = 1.903136610985, time/batch = 23.031810522079
2025-04-24 19:32:33,424:INFO: 252/260 (epoch 9), train_loss = -3.883116006851, time/batch = 2.346061468124
2025-04-24 19:32:43,040:INFO: 253/260 (epoch 9), train_loss = -3.208145856857, time/batch = 9.615447998047
2025-04-24 19:33:05,511:INFO: 254/260 (epoch 9), train_loss = -2.760448455811, time/batch = 22.471143722534
2025-04-24 19:33:24,769:INFO: 255/260 (epoch 9), train_loss = -2.575150728226, time/batch = 19.257145881653
2025-04-24 19:33:35,983:INFO: 256/260 (epoch 9), train_loss = 1.064055919647, time/batch = 11.211589574814
2025-04-24 19:33:43,901:INFO: 257/260 (epoch 9), train_loss = -1.448733091354, time/batch = 7.917685508728
2025-04-24 19:33:55,123:INFO: 258/260 (epoch 9), train_loss = -2.612367391586, time/batch = 11.222038030624
2025-04-24 19:33:56,274:INFO: 259/260 (epoch 9), train_loss = -3.326058864594, time/batch = 1.150997638702
2025-04-24 19:33:56,274:INFO: (epoch 9), loss = -0.364
2025-04-24 19:33:56,274:INFO: Best epoch 8, Best loss -1.7832061820305312
2025-04-24 19:33:56,274:INFO: Saving model
2025-04-24 19:33:56,307:INFO: Best epoch 8, Best loss -1.7832061820305312
2025-04-25 15:41:43,893:INFO: Training begin
2025-04-25 15:42:07,861:INFO: 0/260 (epoch 0), train_loss = 2.729063272476, time/batch = 23.965743064880
2025-04-25 15:42:17,081:INFO: 1/260 (epoch 0), train_loss = 3.887552022934, time/batch = 9.219958782196
2025-04-25 15:42:19,344:INFO: 2/260 (epoch 0), train_loss = 4.313457965851, time/batch = 2.262938976288
2025-04-25 15:42:39,928:INFO: 3/260 (epoch 0), train_loss = 3.134002208710, time/batch = 20.584010601044
2025-04-25 15:42:56,337:INFO: 4/260 (epoch 0), train_loss = 2.833073139191, time/batch = 16.408816337585
2025-04-25 15:43:20,729:INFO: 5/260 (epoch 0), train_loss = 4.909648895264, time/batch = 24.392361164093
2025-04-25 15:43:34,085:INFO: 6/260 (epoch 0), train_loss = 2.465692996979, time/batch = 13.355710983276
2025-04-25 15:43:34,944:INFO: 7/260 (epoch 0), train_loss = 3.462636947632, time/batch = 0.858859062195
2025-04-25 15:43:44,372:INFO: 8/260 (epoch 0), train_loss = 3.636552095413, time/batch = 9.427210092545
2025-04-25 15:43:51,831:INFO: 9/260 (epoch 0), train_loss = 3.004392385483, time/batch = 7.459473609924
2025-04-25 15:44:02,763:INFO: 10/260 (epoch 0), train_loss = 3.728962421417, time/batch = 10.931898832321
2025-04-25 15:44:21,376:INFO: 11/260 (epoch 0), train_loss = 2.935264348984, time/batch = 18.611582756042
2025-04-25 15:44:30,183:INFO: 12/260 (epoch 0), train_loss = 3.701481342316, time/batch = 8.807495355606
2025-04-25 15:44:52,080:INFO: 13/260 (epoch 0), train_loss = 2.568449974060, time/batch = 21.896734237671
2025-04-25 15:45:01,563:INFO: 14/260 (epoch 0), train_loss = 3.296704053879, time/batch = 9.483095884323
2025-04-25 15:45:03,936:INFO: 15/260 (epoch 0), train_loss = 4.239079475403, time/batch = 2.373309850693
2025-04-25 15:45:24,769:INFO: 16/260 (epoch 0), train_loss = 3.027947664261, time/batch = 20.832409620285
2025-04-25 15:45:40,062:INFO: 17/260 (epoch 0), train_loss = 2.628873109818, time/batch = 15.292344093323
2025-04-25 15:46:02,339:INFO: 18/260 (epoch 0), train_loss = 4.716177940369, time/batch = 22.276559114456
2025-04-25 15:46:15,768:INFO: 19/260 (epoch 0), train_loss = 2.212133646011, time/batch = 13.428422927856
2025-04-25 15:46:16,665:INFO: 20/260 (epoch 0), train_loss = 3.042560815811, time/batch = 0.897546052933
2025-04-25 15:46:25,621:INFO: 21/260 (epoch 0), train_loss = 3.214500427246, time/batch = 8.954697132111
2025-04-25 15:46:33,170:INFO: 22/260 (epoch 0), train_loss = 2.572968244553, time/batch = 7.549224853516
2025-04-25 15:46:44,508:INFO: 23/260 (epoch 0), train_loss = 4.218154907227, time/batch = 11.337706565857
2025-04-25 15:47:03,799:INFO: 24/260 (epoch 0), train_loss = 2.974791526794, time/batch = 19.291448116302
2025-04-25 15:47:12,689:INFO: 25/260 (epoch 0), train_loss = 3.526740312576, time/batch = 8.889691829681
2025-04-25 15:47:12,690:INFO: (epoch 0), loss = 3.345
2025-04-25 15:47:12,690:INFO: Best epoch 0, Best loss 3.345417774640597
2025-04-25 15:47:12,690:INFO: Saving model
2025-04-25 15:47:35,697:INFO: 26/260 (epoch 1), train_loss = 2.399149417877, time/batch = 22.969656705856
2025-04-25 15:52:04,501:INFO: Training begin
2025-04-25 15:52:26,105:INFO: Training begin
2025-04-25 15:56:28,692:INFO: Training begin
2025-04-25 15:56:42,157:INFO: 0/260 (epoch 0), train_loss = 31929.132812500000, time/batch = 13.464858770370
2025-04-25 15:56:49,726:INFO: 1/260 (epoch 0), train_loss = 33292.835937500000, time/batch = 7.568963289261
2025-04-25 15:57:06,143:INFO: 2/260 (epoch 0), train_loss = 340512.875000000000, time/batch = 16.417410850525
2025-04-25 15:57:07,141:INFO: 3/260 (epoch 0), train_loss = 174995.765625000000, time/batch = 0.998230218887
2025-04-25 15:57:40,315:INFO: 4/260 (epoch 0), train_loss = 378127.781250000000, time/batch = 33.174040079117
2025-04-25 15:58:07,802:INFO: 5/260 (epoch 0), train_loss = 377633.562500000000, time/batch = 27.486583232880
2025-04-25 15:58:21,409:INFO: 6/260 (epoch 0), train_loss = 4059872.500000000000, time/batch = 13.606762409210
2025-04-25 15:58:41,653:INFO: 7/260 (epoch 0), train_loss = 4142246.250000000000, time/batch = 20.244657039642
2025-04-25 15:59:06,550:INFO: 8/260 (epoch 0), train_loss = 4532904.000000000000, time/batch = 24.897223711014
2025-04-25 15:59:16,021:INFO: 9/260 (epoch 0), train_loss = 4446173.500000000000, time/batch = 9.470486164093
2025-04-25 15:59:18,440:INFO: 10/260 (epoch 0), train_loss = 4410642.000000000000, time/batch = 2.419105291367
2025-04-25 15:59:28,653:INFO: 11/260 (epoch 0), train_loss = 4597267.500000000000, time/batch = 10.212852954865
2025-04-25 15:59:38,865:INFO: 12/260 (epoch 0), train_loss = 4536284.000000000000, time/batch = 10.211325407028
2025-04-25 15:59:53,012:INFO: 13/260 (epoch 0), train_loss = 29788.419921875000, time/batch = 14.145949840546
2025-04-25 16:00:01,135:INFO: 14/260 (epoch 0), train_loss = 30788.095703125000, time/batch = 8.122905731201
2025-04-25 16:00:17,640:INFO: 15/260 (epoch 0), train_loss = 344912.312500000000, time/batch = 16.503470182419
2025-04-25 16:00:18,512:INFO: 16/260 (epoch 0), train_loss = 322889.875000000000, time/batch = 0.872861146927
2025-04-25 16:00:41,750:INFO: 17/260 (epoch 0), train_loss = 364352.656250000000, time/batch = 23.237159967422
2025-04-25 16:01:07,132:INFO: 18/260 (epoch 0), train_loss = 369194.406250000000, time/batch = 25.382452487946
2025-04-25 16:01:19,739:INFO: 19/260 (epoch 0), train_loss = 4044638.750000000000, time/batch = 12.607053279877
2025-04-25 16:01:42,291:INFO: 20/260 (epoch 0), train_loss = 3986201.500000000000, time/batch = 22.551628589630
2025-04-25 16:02:06,159:INFO: 21/260 (epoch 0), train_loss = 4550604.500000000000, time/batch = 23.868453025818
2025-04-25 16:02:15,556:INFO: 22/260 (epoch 0), train_loss = 4408530.500000000000, time/batch = 9.395808935165
2025-04-25 16:02:17,977:INFO: 23/260 (epoch 0), train_loss = 4952859.000000000000, time/batch = 2.420695781708
2025-04-25 16:02:27,864:INFO: 24/260 (epoch 0), train_loss = 4339144.000000000000, time/batch = 9.887607574463
2025-04-25 16:02:37,913:INFO: 25/260 (epoch 0), train_loss = 4338381.500000000000, time/batch = 10.048801660538
2025-04-25 16:02:37,913:INFO: (epoch 0), loss = 2467083.355
2025-04-25 16:02:37,913:INFO: Best epoch 0, Best loss 100
2025-04-25 16:02:37,913:INFO: Saving model
2025-04-25 16:02:52,119:INFO: 26/260 (epoch 1), train_loss = 30852.017578125000, time/batch = 14.175366401672
2025-04-25 16:03:00,233:INFO: 27/260 (epoch 1), train_loss = 31075.312500000000, time/batch = 8.113181352615
2025-04-25 16:03:18,515:INFO: 28/260 (epoch 1), train_loss = 358590.375000000000, time/batch = 18.282232761383
2025-04-25 16:03:19,386:INFO: 29/260 (epoch 1), train_loss = 446116.500000000000, time/batch = 0.870749711990
2025-04-25 16:03:42,370:INFO: 30/260 (epoch 1), train_loss = 350860.687500000000, time/batch = 22.984064340591
2025-04-25 16:04:06,157:INFO: 31/260 (epoch 1), train_loss = 366129.218750000000, time/batch = 23.787805318832
2025-04-25 16:04:18,235:INFO: 32/260 (epoch 1), train_loss = 3815587.250000000000, time/batch = 12.076266288757
2025-04-25 16:04:38,249:INFO: 33/260 (epoch 1), train_loss = 3859529.000000000000, time/batch = 20.014346122742
2025-04-25 16:05:02,449:INFO: 34/260 (epoch 1), train_loss = 4418606.000000000000, time/batch = 24.199712276459
2025-04-25 16:05:11,785:INFO: 35/260 (epoch 1), train_loss = 4351420.000000000000, time/batch = 9.335867404938
2025-04-25 16:05:14,146:INFO: 36/260 (epoch 1), train_loss = 4262381.000000000000, time/batch = 2.360587120056
2025-04-25 16:05:24,179:INFO: 37/260 (epoch 1), train_loss = 4425431.500000000000, time/batch = 10.032691478729
2025-04-25 16:05:34,101:INFO: 38/260 (epoch 1), train_loss = 4275521.000000000000, time/batch = 9.921930074692
2025-04-25 16:05:48,165:INFO: 39/260 (epoch 1), train_loss = 30009.875000000000, time/batch = 14.064083814621
2025-04-25 16:05:56,508:INFO: 40/260 (epoch 1), train_loss = 28588.771484375000, time/batch = 8.342597723007
2025-04-25 16:06:13,051:INFO: 41/260 (epoch 1), train_loss = 342206.406250000000, time/batch = 16.543606519699
2025-04-25 16:06:13,915:INFO: 42/260 (epoch 1), train_loss = 272699.750000000000, time/batch = 0.863991975784
2025-04-25 16:06:37,006:INFO: 43/260 (epoch 1), train_loss = 360984.625000000000, time/batch = 23.090763568878
2025-04-25 16:07:00,488:INFO: 44/260 (epoch 1), train_loss = 379190.156250000000, time/batch = 23.482098340988
2025-04-25 16:07:12,378:INFO: 45/260 (epoch 1), train_loss = 3723100.250000000000, time/batch = 11.889814853668
2025-04-25 16:07:32,637:INFO: 46/260 (epoch 1), train_loss = 4056522.250000000000, time/batch = 20.258771657944
2025-04-25 16:07:56,764:INFO: 47/260 (epoch 1), train_loss = 4482558.000000000000, time/batch = 24.127303361893
2025-04-25 16:08:06,409:INFO: 48/260 (epoch 1), train_loss = 4227983.500000000000, time/batch = 9.644171714783
2025-04-25 16:08:08,822:INFO: 49/260 (epoch 1), train_loss = 4885121.000000000000, time/batch = 2.412371158600
2025-04-25 16:08:18,897:INFO: 50/260 (epoch 1), train_loss = 4348068.000000000000, time/batch = 10.075387954712
2025-04-25 16:08:29,550:INFO: 51/260 (epoch 1), train_loss = 4298634.000000000000, time/batch = 10.652760744095
2025-04-25 16:08:29,551:INFO: (epoch 1), loss = 2401067.940
2025-04-25 16:08:29,551:INFO: Best epoch 0, Best loss 100
2025-04-25 16:08:29,551:INFO: Saving model
2025-04-25 16:08:43,728:INFO: 52/260 (epoch 2), train_loss = 29125.488281250000, time/batch = 14.145166158676
2025-04-25 16:08:51,807:INFO: 53/260 (epoch 2), train_loss = 31611.695312500000, time/batch = 8.079087495804
2025-04-25 16:09:08,292:INFO: 54/260 (epoch 2), train_loss = 355711.875000000000, time/batch = 16.485243082047
2025-04-25 16:09:09,167:INFO: 55/260 (epoch 2), train_loss = 324669.343750000000, time/batch = 0.874240636826
2025-04-25 16:09:31,974:INFO: 56/260 (epoch 2), train_loss = 362065.562500000000, time/batch = 22.804630517960
2025-04-25 16:09:55,649:INFO: 57/260 (epoch 2), train_loss = 372348.218750000000, time/batch = 23.675940036774
2025-04-25 16:10:07,856:INFO: 58/260 (epoch 2), train_loss = 3924305.250000000000, time/batch = 12.206790924072
2025-04-25 16:10:27,919:INFO: 59/260 (epoch 2), train_loss = 4064053.750000000000, time/batch = 20.062277317047
2025-04-25 16:10:51,965:INFO: 60/260 (epoch 2), train_loss = 4420369.000000000000, time/batch = 24.045622587204
2025-04-25 16:11:01,255:INFO: 61/260 (epoch 2), train_loss = 4434318.000000000000, time/batch = 9.290341615677
2025-04-25 16:11:03,648:INFO: 62/260 (epoch 2), train_loss = 3961659.250000000000, time/batch = 2.392207384109
2025-04-25 16:11:13,930:INFO: 63/260 (epoch 2), train_loss = 4382176.000000000000, time/batch = 10.281817674637
2025-04-25 16:11:23,879:INFO: 64/260 (epoch 2), train_loss = 4300203.000000000000, time/batch = 9.949600696564
2025-04-25 16:11:37,798:INFO: 65/260 (epoch 2), train_loss = 29912.093750000000, time/batch = 13.918876171112
2025-04-25 16:11:45,712:INFO: 66/260 (epoch 2), train_loss = 31663.970703125000, time/batch = 7.913748979568
2025-04-25 16:12:02,045:INFO: 67/260 (epoch 2), train_loss = 337462.781250000000, time/batch = 16.332828521729
2025-04-25 16:12:02,913:INFO: 68/260 (epoch 2), train_loss = 261142.718750000000, time/batch = 0.867552280426
2025-04-25 16:12:25,826:INFO: 69/260 (epoch 2), train_loss = 350004.625000000000, time/batch = 22.912894487381
2025-04-25 16:12:49,439:INFO: 70/260 (epoch 2), train_loss = 370459.031250000000, time/batch = 23.611832618713
2025-04-25 16:13:01,567:INFO: 71/260 (epoch 2), train_loss = 3875342.250000000000, time/batch = 12.128515005112
2025-04-25 16:13:24,024:INFO: 72/260 (epoch 2), train_loss = 3910394.500000000000, time/batch = 22.456616878510
2025-04-25 16:13:48,533:INFO: 73/260 (epoch 2), train_loss = 4341012.500000000000, time/batch = 24.508484363556
2025-04-25 16:13:58,011:INFO: 74/260 (epoch 2), train_loss = 4114370.250000000000, time/batch = 9.478574275970
2025-04-25 16:14:00,385:INFO: 75/260 (epoch 2), train_loss = 5016651.000000000000, time/batch = 2.373456954956
2025-04-25 16:14:10,396:INFO: 76/260 (epoch 2), train_loss = 4513108.000000000000, time/batch = 10.011890172958
2025-04-25 16:14:20,416:INFO: 77/260 (epoch 2), train_loss = 4476315.500000000000, time/batch = 10.019737005234
2025-04-25 16:14:20,417:INFO: (epoch 2), loss = 2407325.217
2025-04-25 16:14:20,417:INFO: Best epoch 0, Best loss 100
2025-04-25 16:14:20,417:INFO: Saving model
2025-04-25 16:14:34,647:INFO: 78/260 (epoch 3), train_loss = 30684.890625000000, time/batch = 14.189504623413
2025-04-25 16:14:42,793:INFO: 79/260 (epoch 3), train_loss = 30037.558593750000, time/batch = 8.144212484360
2025-04-25 16:14:59,338:INFO: 80/260 (epoch 3), train_loss = 327635.468750000000, time/batch = 16.544568061829
2025-04-25 16:15:00,216:INFO: 81/260 (epoch 3), train_loss = 333254.625000000000, time/batch = 0.878668069839
2025-04-25 16:15:23,589:INFO: 82/260 (epoch 3), train_loss = 357016.625000000000, time/batch = 23.372684478760
2025-04-25 16:15:47,421:INFO: 83/260 (epoch 3), train_loss = 361286.687500000000, time/batch = 23.831583023071
2025-04-25 16:15:59,384:INFO: 84/260 (epoch 3), train_loss = 3735239.250000000000, time/batch = 11.963887929916
2025-04-25 16:16:19,677:INFO: 85/260 (epoch 3), train_loss = 3850249.000000000000, time/batch = 20.292463302612
2025-04-25 16:16:43,980:INFO: 86/260 (epoch 3), train_loss = 4530440.500000000000, time/batch = 24.303515434265
2025-04-25 16:16:53,324:INFO: 87/260 (epoch 3), train_loss = 4564702.000000000000, time/batch = 9.343029737473
2025-04-25 16:16:55,691:INFO: 88/260 (epoch 3), train_loss = 4161850.500000000000, time/batch = 2.366839170456
2025-04-25 16:17:05,743:INFO: 89/260 (epoch 3), train_loss = 4399949.500000000000, time/batch = 10.051406145096
2025-04-25 16:17:15,866:INFO: 90/260 (epoch 3), train_loss = 4161159.000000000000, time/batch = 10.123581647873
2025-04-25 16:17:30,435:INFO: 91/260 (epoch 3), train_loss = 30097.160156250000, time/batch = 14.569176197052
2025-04-25 16:17:38,530:INFO: 92/260 (epoch 3), train_loss = 29892.126953125000, time/batch = 8.094448566437
2025-04-25 16:17:54,985:INFO: 93/260 (epoch 3), train_loss = 346001.656250000000, time/batch = 16.454757213593
2025-04-25 16:17:55,876:INFO: 94/260 (epoch 3), train_loss = 454165.156250000000, time/batch = 0.891180992126
2025-04-25 16:18:19,338:INFO: 95/260 (epoch 3), train_loss = 367679.937500000000, time/batch = 23.461739063263
2025-04-25 16:18:43,226:INFO: 96/260 (epoch 3), train_loss = 364691.187500000000, time/batch = 23.888093948364
2025-04-25 16:18:55,230:INFO: 97/260 (epoch 3), train_loss = 3810763.750000000000, time/batch = 12.004059076309
2025-04-25 16:19:15,406:INFO: 98/260 (epoch 3), train_loss = 4014835.750000000000, time/batch = 20.175638198853
2025-04-25 16:19:39,755:INFO: 99/260 (epoch 3), train_loss = 4364479.000000000000, time/batch = 24.348619222641
2025-04-25 16:19:49,172:INFO: 100/260 (epoch 3), train_loss = 4339794.000000000000, time/batch = 9.416470050812
2025-04-25 16:19:51,564:INFO: 101/260 (epoch 3), train_loss = 4698833.000000000000, time/batch = 2.390172719955
2025-04-25 16:20:01,525:INFO: 102/260 (epoch 3), train_loss = 4275956.000000000000, time/batch = 9.961722612381
2025-04-25 16:20:11,630:INFO: 103/260 (epoch 3), train_loss = 4125729.000000000000, time/batch = 10.105102539062
2025-04-25 16:20:11,630:INFO: (epoch 3), loss = 2387170.128
2025-04-25 16:20:11,630:INFO: Best epoch 0, Best loss 100
2025-04-25 16:20:11,631:INFO: Saving model
2025-04-25 16:20:25,907:INFO: 104/260 (epoch 4), train_loss = 28992.105468750000, time/batch = 14.244679689407
2025-04-25 16:20:34,151:INFO: 105/260 (epoch 4), train_loss = 31191.337890625000, time/batch = 8.244147300720
2025-04-25 16:20:52,503:INFO: 106/260 (epoch 4), train_loss = 340239.375000000000, time/batch = 18.351718425751
2025-04-25 16:20:53,362:INFO: 107/260 (epoch 4), train_loss = 395139.406250000000, time/batch = 0.858720779419
2025-04-25 16:21:18,513:INFO: 108/260 (epoch 4), train_loss = 362929.218750000000, time/batch = 25.150813579559
2025-04-25 16:21:42,812:INFO: 109/260 (epoch 4), train_loss = 368761.843750000000, time/batch = 24.297935724258
2025-04-25 16:21:54,707:INFO: 110/260 (epoch 4), train_loss = 3873106.500000000000, time/batch = 11.895562648773
2025-04-25 16:22:15,057:INFO: 111/260 (epoch 4), train_loss = 3772414.500000000000, time/batch = 20.349396228790
2025-04-25 16:22:37,959:INFO: 112/260 (epoch 4), train_loss = 4387305.500000000000, time/batch = 22.901563882828
2025-04-25 16:22:47,038:INFO: 113/260 (epoch 4), train_loss = 4400147.000000000000, time/batch = 9.079237937927
2025-04-25 16:22:49,263:INFO: 114/260 (epoch 4), train_loss = 4043901.250000000000, time/batch = 2.224951028824
2025-04-25 16:22:58,709:INFO: 115/260 (epoch 4), train_loss = 4039692.750000000000, time/batch = 9.445832967758
2025-04-25 16:23:08,283:INFO: 116/260 (epoch 4), train_loss = 4203931.500000000000, time/batch = 9.573507070541
2025-04-25 16:23:21,713:INFO: 117/260 (epoch 4), train_loss = 29432.894531250000, time/batch = 13.429944992065
2025-04-25 16:23:29,342:INFO: 118/260 (epoch 4), train_loss = 27606.263671875000, time/batch = 7.628909111023
2025-04-25 16:23:44,972:INFO: 119/260 (epoch 4), train_loss = 321589.812500000000, time/batch = 15.629063367844
2025-04-25 16:23:45,796:INFO: 120/260 (epoch 4), train_loss = 242011.187500000000, time/batch = 0.824277162552
2025-04-25 16:24:07,558:INFO: 121/260 (epoch 4), train_loss = 348807.593750000000, time/batch = 21.761686325073
2025-04-25 16:24:29,900:INFO: 122/260 (epoch 4), train_loss = 370724.375000000000, time/batch = 22.342120170593
2025-04-25 16:24:41,260:INFO: 123/260 (epoch 4), train_loss = 3805443.000000000000, time/batch = 11.360005140305
2025-04-25 16:25:00,415:INFO: 124/260 (epoch 4), train_loss = 3923560.750000000000, time/batch = 19.155083179474
2025-04-25 16:25:23,238:INFO: 125/260 (epoch 4), train_loss = 4278247.500000000000, time/batch = 22.822157621384
2025-04-25 16:25:32,132:INFO: 126/260 (epoch 4), train_loss = 4175353.500000000000, time/batch = 8.893504381180
2025-04-25 16:25:34,362:INFO: 127/260 (epoch 4), train_loss = 4144458.250000000000, time/batch = 2.229465246201
2025-04-25 16:25:43,891:INFO: 128/260 (epoch 4), train_loss = 4323698.500000000000, time/batch = 9.528676033020
2025-04-25 16:25:53,348:INFO: 129/260 (epoch 4), train_loss = 4083827.500000000000, time/batch = 9.457033872604
2025-04-25 16:25:53,348:INFO: (epoch 4), loss = 2320096.670
2025-04-25 16:25:53,348:INFO: Best epoch 0, Best loss 100
2025-04-25 16:25:53,348:INFO: Saving model
2025-04-25 16:26:07,328:INFO: 130/260 (epoch 5), train_loss = 28391.931640625000, time/batch = 13.951463460922
2025-04-25 16:26:15,320:INFO: 131/260 (epoch 5), train_loss = 28015.900390625000, time/batch = 7.990783929825
2025-04-25 16:26:30,869:INFO: 132/260 (epoch 5), train_loss = 325134.562500000000, time/batch = 15.549594163895
2025-04-25 16:26:31,679:INFO: 133/260 (epoch 5), train_loss = 233511.906250000000, time/batch = 0.808729648590
2025-04-25 16:26:53,427:INFO: 134/260 (epoch 5), train_loss = 356262.250000000000, time/batch = 21.747847557068
2025-04-25 16:27:15,846:INFO: 135/260 (epoch 5), train_loss = 358721.781250000000, time/batch = 22.419239282608
2025-04-25 16:27:27,107:INFO: 136/260 (epoch 5), train_loss = 3612706.250000000000, time/batch = 11.261118888855
2025-04-25 16:27:46,155:INFO: 137/260 (epoch 5), train_loss = 3934955.250000000000, time/batch = 19.047193765640
2025-04-25 16:28:12,467:INFO: 138/260 (epoch 5), train_loss = 4198185.500000000000, time/batch = 26.312695264816
2025-04-25 16:28:21,467:INFO: 139/260 (epoch 5), train_loss = 4001293.250000000000, time/batch = 8.999886512756
2025-04-25 16:28:23,716:INFO: 140/260 (epoch 5), train_loss = 4378295.500000000000, time/batch = 2.248577833176
2025-04-25 16:28:33,169:INFO: 141/260 (epoch 5), train_loss = 4037453.000000000000, time/batch = 9.452090978622
2025-04-25 16:28:42,639:INFO: 142/260 (epoch 5), train_loss = 4048381.000000000000, time/batch = 9.470430135727
2025-04-25 16:28:55,991:INFO: 143/260 (epoch 5), train_loss = 29185.882812500000, time/batch = 13.351282119751
2025-04-25 16:29:03,592:INFO: 144/260 (epoch 5), train_loss = 30007.187500000000, time/batch = 7.601871728897
2025-04-25 16:29:19,032:INFO: 145/260 (epoch 5), train_loss = 324632.468750000000, time/batch = 15.439782142639
2025-04-25 16:29:19,859:INFO: 146/260 (epoch 5), train_loss = 227242.640625000000, time/batch = 0.826799154282
2025-04-25 16:29:41,639:INFO: 147/260 (epoch 5), train_loss = 341788.906250000000, time/batch = 21.779604434967
2025-04-25 16:30:04,220:INFO: 148/260 (epoch 5), train_loss = 361034.906250000000, time/batch = 22.581758260727
2025-04-25 16:30:15,565:INFO: 149/260 (epoch 5), train_loss = 3680591.000000000000, time/batch = 11.344817399979
2025-04-25 16:30:34,592:INFO: 150/260 (epoch 5), train_loss = 3778593.250000000000, time/batch = 19.025335073471
2025-04-25 16:30:57,348:INFO: 151/260 (epoch 5), train_loss = 4343285.000000000000, time/batch = 22.754964828491
2025-04-25 16:31:06,257:INFO: 152/260 (epoch 5), train_loss = 4180425.750000000000, time/batch = 8.909213066101
2025-04-25 16:31:08,486:INFO: 153/260 (epoch 5), train_loss = 3949372.500000000000, time/batch = 2.229476690292
2025-04-25 16:31:17,944:INFO: 154/260 (epoch 5), train_loss = 4327478.000000000000, time/batch = 9.457432508469
2025-04-25 16:31:27,489:INFO: 155/260 (epoch 5), train_loss = 4038816.500000000000, time/batch = 9.545094490051
2025-04-25 16:31:27,489:INFO: (epoch 5), loss = 2275144.695
2025-04-25 16:31:27,489:INFO: Best epoch 0, Best loss 100
2025-04-25 16:31:27,489:INFO: Saving model
2025-04-25 16:31:40,753:INFO: 156/260 (epoch 6), train_loss = 29186.041015625000, time/batch = 13.234238624573
2025-04-25 16:31:49,060:INFO: 157/260 (epoch 6), train_loss = 28943.882812500000, time/batch = 8.306593656540
2025-04-25 16:32:04,529:INFO: 158/260 (epoch 6), train_loss = 335225.781250000000, time/batch = 15.469462394714
2025-04-25 16:32:05,351:INFO: 159/260 (epoch 6), train_loss = 272168.687500000000, time/batch = 0.820036888123
2025-04-25 16:32:28,167:INFO: 160/260 (epoch 6), train_loss = 355139.687500000000, time/batch = 22.816189050674
2025-04-25 16:32:50,710:INFO: 161/260 (epoch 6), train_loss = 356353.250000000000, time/batch = 22.543429374695
2025-04-25 16:33:01,973:INFO: 162/260 (epoch 6), train_loss = 3702525.500000000000, time/batch = 11.262696027756
2025-04-25 16:33:21,263:INFO: 163/260 (epoch 6), train_loss = 3640520.000000000000, time/batch = 19.289695978165
2025-04-25 16:33:44,115:INFO: 164/260 (epoch 6), train_loss = 4255384.500000000000, time/batch = 22.851944208145
2025-04-25 16:33:53,043:INFO: 165/260 (epoch 6), train_loss = 4214582.000000000000, time/batch = 8.928132295609
2025-04-25 16:33:55,248:INFO: 166/260 (epoch 6), train_loss = 4013538.250000000000, time/batch = 2.205504655838
2025-04-25 16:34:04,696:INFO: 167/260 (epoch 6), train_loss = 4163309.750000000000, time/batch = 9.447525739670
2025-04-25 16:34:14,160:INFO: 168/260 (epoch 6), train_loss = 4069737.750000000000, time/batch = 9.464276313782
2025-04-25 16:34:27,464:INFO: 169/260 (epoch 6), train_loss = 28173.058593750000, time/batch = 13.302791357040
2025-04-25 16:34:35,066:INFO: 170/260 (epoch 6), train_loss = 28392.406250000000, time/batch = 7.602697372437
2025-04-25 16:34:50,605:INFO: 171/260 (epoch 6), train_loss = 320887.750000000000, time/batch = 15.538546562195
2025-04-25 16:34:51,437:INFO: 172/260 (epoch 6), train_loss = 396404.531250000000, time/batch = 0.831113338470
2025-04-25 16:35:13,227:INFO: 173/260 (epoch 6), train_loss = 341836.656250000000, time/batch = 21.790001630783
2025-04-25 16:35:35,685:INFO: 174/260 (epoch 6), train_loss = 354193.250000000000, time/batch = 22.457587242126
2025-04-25 16:35:46,915:INFO: 175/260 (epoch 6), train_loss = 3679988.000000000000, time/batch = 11.229964017868
2025-04-25 16:36:05,945:INFO: 176/260 (epoch 6), train_loss = 3849276.500000000000, time/batch = 19.028557062149
2025-04-25 16:36:28,918:INFO: 177/260 (epoch 6), train_loss = 4220637.000000000000, time/batch = 22.973717927933
2025-04-25 16:36:37,887:INFO: 178/260 (epoch 6), train_loss = 3947897.000000000000, time/batch = 8.967477321625
2025-04-25 16:36:40,139:INFO: 179/260 (epoch 6), train_loss = 3943038.250000000000, time/batch = 2.252267599106
2025-04-25 16:36:49,479:INFO: 180/260 (epoch 6), train_loss = 4177100.250000000000, time/batch = 9.339533567429
2025-04-25 16:36:58,871:INFO: 181/260 (epoch 6), train_loss = 4268304.000000000000, time/batch = 9.391719102859
2025-04-25 16:36:58,871:INFO: (epoch 6), loss = 2268951.682
2025-04-25 16:36:58,871:INFO: Best epoch 0, Best loss 100
2025-04-25 16:36:58,872:INFO: Saving model
2025-04-25 16:37:12,574:INFO: 182/260 (epoch 7), train_loss = 28986.236328125000, time/batch = 13.673175811768
2025-04-25 16:37:20,382:INFO: 183/260 (epoch 7), train_loss = 27882.648437500000, time/batch = 7.796315193176
2025-04-25 16:37:35,857:INFO: 184/260 (epoch 7), train_loss = 315656.437500000000, time/batch = 15.475219249725
2025-04-25 16:37:36,677:INFO: 185/260 (epoch 7), train_loss = 426691.843750000000, time/batch = 0.819806337357
2025-04-25 16:37:58,327:INFO: 186/260 (epoch 7), train_loss = 344855.281250000000, time/batch = 21.650621891022
2025-04-25 16:38:20,741:INFO: 187/260 (epoch 7), train_loss = 355740.375000000000, time/batch = 22.413296937943
2025-04-25 16:38:31,954:INFO: 188/260 (epoch 7), train_loss = 3879361.500000000000, time/batch = 11.213426113129
2025-04-25 16:38:50,884:INFO: 189/260 (epoch 7), train_loss = 3839668.750000000000, time/batch = 18.928589820862
2025-04-25 16:39:13,657:INFO: 190/260 (epoch 7), train_loss = 4135008.000000000000, time/batch = 22.771882534027
2025-04-25 16:39:22,567:INFO: 191/260 (epoch 7), train_loss = 4082408.750000000000, time/batch = 8.909201145172
2025-04-25 16:39:24,786:INFO: 192/260 (epoch 7), train_loss = 4238333.500000000000, time/batch = 2.218987464905
2025-04-25 16:39:34,209:INFO: 193/260 (epoch 7), train_loss = 4208885.500000000000, time/batch = 9.423741102219
2025-04-25 16:39:43,703:INFO: 194/260 (epoch 7), train_loss = 4386676.000000000000, time/batch = 9.492999315262
2025-04-25 16:39:56,968:INFO: 195/260 (epoch 7), train_loss = 30542.390625000000, time/batch = 13.264669418335
2025-04-25 16:40:04,545:INFO: 196/260 (epoch 7), train_loss = 28374.042968750000, time/batch = 7.576312541962
2025-04-25 16:40:19,984:INFO: 197/260 (epoch 7), train_loss = 320384.562500000000, time/batch = 15.437130212784
2025-04-25 16:40:20,819:INFO: 198/260 (epoch 7), train_loss = 259385.500000000000, time/batch = 0.835734605789
2025-04-25 16:40:42,445:INFO: 199/260 (epoch 7), train_loss = 333415.281250000000, time/batch = 21.624538183212
2025-04-25 16:41:04,694:INFO: 200/260 (epoch 7), train_loss = 343363.093750000000, time/batch = 22.248177528381
2025-04-25 16:41:16,060:INFO: 201/260 (epoch 7), train_loss = 3612916.750000000000, time/batch = 11.365432500839
2025-04-25 16:41:35,105:INFO: 202/260 (epoch 7), train_loss = 3623790.000000000000, time/batch = 19.044837474823
2025-04-25 16:41:59,223:INFO: 203/260 (epoch 7), train_loss = 4249141.500000000000, time/batch = 24.118121385574
2025-04-25 16:42:08,725:INFO: 204/260 (epoch 7), train_loss = 4043630.250000000000, time/batch = 9.501162052155
2025-04-25 16:42:11,054:INFO: 205/260 (epoch 7), train_loss = 4533220.000000000000, time/batch = 2.328893899918
2025-04-25 16:42:20,952:INFO: 206/260 (epoch 7), train_loss = 4030440.250000000000, time/batch = 9.896486759186
2025-04-25 16:42:30,837:INFO: 207/260 (epoch 7), train_loss = 4141435.750000000000, time/batch = 9.884421825409
2025-04-25 16:42:30,838:INFO: (epoch 7), loss = 2300776.700
2025-04-25 16:42:30,838:INFO: Best epoch 0, Best loss 100
2025-04-25 16:42:30,838:INFO: Saving model
2025-04-25 16:42:45,011:INFO: 208/260 (epoch 8), train_loss = 27359.521484375000, time/batch = 14.145130634308
2025-04-25 16:42:53,622:INFO: 209/260 (epoch 8), train_loss = 27922.478515625000, time/batch = 8.610884904861
2025-04-25 16:43:10,006:INFO: 210/260 (epoch 8), train_loss = 310822.843750000000, time/batch = 16.383537292480
2025-04-25 16:43:10,870:INFO: 211/260 (epoch 8), train_loss = 224096.640625000000, time/batch = 0.863606452942
2025-04-25 16:43:34,000:INFO: 212/260 (epoch 8), train_loss = 337530.531250000000, time/batch = 23.129682779312
2025-04-25 16:43:57,580:INFO: 213/260 (epoch 8), train_loss = 348881.625000000000, time/batch = 23.580144405365
2025-04-25 16:44:09,688:INFO: 214/260 (epoch 8), train_loss = 3707600.500000000000, time/batch = 12.107793807983
2025-04-25 16:44:29,816:INFO: 215/260 (epoch 8), train_loss = 3695250.500000000000, time/batch = 20.128747224808
2025-04-25 16:44:54,008:INFO: 216/260 (epoch 8), train_loss = 4136871.250000000000, time/batch = 24.191570997238
2025-04-25 16:45:03,453:INFO: 217/260 (epoch 8), train_loss = 4245527.500000000000, time/batch = 9.444996595383
2025-04-25 16:45:05,801:INFO: 218/260 (epoch 8), train_loss = 4788654.000000000000, time/batch = 2.347831249237
2025-04-25 16:45:15,921:INFO: 219/260 (epoch 8), train_loss = 4067414.250000000000, time/batch = 10.118743181229
2025-04-25 16:45:25,967:INFO: 220/260 (epoch 8), train_loss = 4141528.000000000000, time/batch = 10.045200586319
2025-04-25 16:45:40,050:INFO: 221/260 (epoch 8), train_loss = 29742.292968750000, time/batch = 14.081851720810
2025-04-25 16:45:48,061:INFO: 222/260 (epoch 8), train_loss = 29715.613281250000, time/batch = 8.010207891464
2025-04-25 16:46:04,621:INFO: 223/260 (epoch 8), train_loss = 325116.187500000000, time/batch = 16.560335636139
2025-04-25 16:46:05,489:INFO: 224/260 (epoch 8), train_loss = 219369.312500000000, time/batch = 0.868196010590
2025-04-25 16:46:28,421:INFO: 225/260 (epoch 8), train_loss = 338846.437500000000, time/batch = 22.931401968002
2025-04-25 16:46:51,954:INFO: 226/260 (epoch 8), train_loss = 352080.687500000000, time/batch = 23.532960653305
2025-04-25 16:47:03,822:INFO: 227/260 (epoch 8), train_loss = 3487852.750000000000, time/batch = 11.868248462677
2025-04-25 16:47:24,245:INFO: 228/260 (epoch 8), train_loss = 3692546.000000000000, time/batch = 20.422657728195
2025-04-25 16:47:48,409:INFO: 229/260 (epoch 8), train_loss = 4169458.750000000000, time/batch = 24.163442611694
2025-04-25 16:47:57,731:INFO: 230/260 (epoch 8), train_loss = 4081108.750000000000, time/batch = 9.322092056274
2025-04-25 16:48:00,104:INFO: 231/260 (epoch 8), train_loss = 3745291.250000000000, time/batch = 2.371334552765
2025-04-25 16:48:11,600:INFO: 232/260 (epoch 8), train_loss = 4053396.250000000000, time/batch = 11.496593713760
2025-04-25 16:48:21,605:INFO: 233/260 (epoch 8), train_loss = 4206025.000000000000, time/batch = 10.003626823425
2025-04-25 16:48:21,605:INFO: (epoch 8), loss = 2261154.189
2025-04-25 16:48:21,605:INFO: Best epoch 0, Best loss 100
2025-04-25 16:48:21,605:INFO: Saving model
2025-04-25 16:48:36,187:INFO: 234/260 (epoch 9), train_loss = 28821.333984375000, time/batch = 14.551419258118
2025-04-25 16:48:44,187:INFO: 235/260 (epoch 9), train_loss = 28055.056640625000, time/batch = 8.000839233398
2025-04-25 16:49:00,788:INFO: 236/260 (epoch 9), train_loss = 319029.187500000000, time/batch = 16.600209951401
2025-04-25 16:49:01,662:INFO: 237/260 (epoch 9), train_loss = 234621.078125000000, time/batch = 0.874397277832
2025-04-25 16:49:24,760:INFO: 238/260 (epoch 9), train_loss = 329898.500000000000, time/batch = 23.097949743271
2025-04-25 16:49:48,503:INFO: 239/260 (epoch 9), train_loss = 352103.281250000000, time/batch = 23.743075370789
2025-04-25 16:50:01,007:INFO: 240/260 (epoch 9), train_loss = 3481317.250000000000, time/batch = 12.502890586853
2025-04-25 16:50:21,003:INFO: 241/260 (epoch 9), train_loss = 3760908.000000000000, time/batch = 19.995881557465
2025-04-25 16:50:45,123:INFO: 242/260 (epoch 9), train_loss = 4219413.000000000000, time/batch = 24.119121074677
2025-04-25 16:50:54,451:INFO: 243/260 (epoch 9), train_loss = 3935524.750000000000, time/batch = 9.328521251678
2025-04-25 16:50:56,763:INFO: 244/260 (epoch 9), train_loss = 3688226.000000000000, time/batch = 2.311455965042
2025-04-25 16:51:06,680:INFO: 245/260 (epoch 9), train_loss = 4167929.000000000000, time/batch = 9.917376995087
2025-04-25 16:51:16,652:INFO: 246/260 (epoch 9), train_loss = 4040907.500000000000, time/batch = 9.971580505371
2025-04-25 16:51:30,747:INFO: 247/260 (epoch 9), train_loss = 28398.367187500000, time/batch = 14.095324277878
2025-04-25 16:51:38,849:INFO: 248/260 (epoch 9), train_loss = 26523.097656250000, time/batch = 8.101553440094
2025-04-25 16:51:55,110:INFO: 249/260 (epoch 9), train_loss = 327335.343750000000, time/batch = 16.261658430099
2025-04-25 16:51:55,915:INFO: 250/260 (epoch 9), train_loss = 175714.687500000000, time/batch = 0.804203271866
2025-04-25 16:52:19,039:INFO: 251/260 (epoch 9), train_loss = 346115.593750000000, time/batch = 23.124041080475
2025-04-25 16:52:42,797:INFO: 252/260 (epoch 9), train_loss = 339109.562500000000, time/batch = 23.758504390717
2025-04-25 16:52:54,604:INFO: 253/260 (epoch 9), train_loss = 3481682.000000000000, time/batch = 11.806524991989
2025-04-25 16:53:14,796:INFO: 254/260 (epoch 9), train_loss = 3715676.750000000000, time/batch = 20.191788673401
2025-04-25 16:53:39,488:INFO: 255/260 (epoch 9), train_loss = 4186056.750000000000, time/batch = 24.691218137741
2025-04-25 16:53:48,925:INFO: 256/260 (epoch 9), train_loss = 3936868.250000000000, time/batch = 9.437759637833
2025-04-25 16:53:51,284:INFO: 257/260 (epoch 9), train_loss = 4451480.000000000000, time/batch = 2.358265399933
2025-04-25 16:54:01,278:INFO: 258/260 (epoch 9), train_loss = 3816368.500000000000, time/batch = 9.993040084839
2025-04-25 16:54:11,305:INFO: 259/260 (epoch 9), train_loss = 3922621.750000000000, time/batch = 10.027407169342
2025-04-25 16:54:11,305:INFO: (epoch 9), loss = 2205411.715
2025-04-25 16:54:11,306:INFO: Best epoch 0, Best loss 100
2025-04-25 16:54:11,306:INFO: Saving model
2025-04-25 16:54:11,337:INFO: Best epoch 0, Best loss 100
2025-05-07 22:48:44,259:INFO: Training begin
2025-05-08 16:24:12,716:INFO: Training begin
2025-05-08 16:32:18,259:INFO: Training begin
2025-05-08 17:55:26,061:INFO: Training begin
2025-05-08 19:38:48,673:INFO: Training begin
2025-05-08 20:05:48,989:INFO: Training begin
2025-05-08 20:15:12,099:INFO: Training begin
2025-05-08 20:45:15,887:INFO: Training begin
2025-05-08 21:21:50,626:INFO: Training begin
2025-05-08 21:32:50,689:INFO: Training begin
2025-05-08 22:17:01,357:INFO: Training begin
2025-05-09 20:13:22,649:INFO: Training begin
2025-05-09 21:03:51,212:INFO: Training begin
2025-05-09 21:13:12,038:INFO: Training begin
2025-05-09 21:26:19,864:INFO: Training begin
2025-05-09 21:32:55,073:INFO: Training begin
2025-05-09 21:33:20,808:INFO: 0/40 (epoch 0), train_loss = 20571.277343750000, time/batch = 25.735500097275
2025-05-09 21:37:16,799:INFO: 1/40 (epoch 0), train_loss = 38769.558593750000, time/batch = 235.990772962570
2025-05-09 21:37:54,752:INFO: 2/40 (epoch 0), train_loss = 20419.529296875000, time/batch = 37.953132629395
2025-05-09 21:41:31,613:INFO: 3/40 (epoch 0), train_loss = 38633.496093750000, time/batch = 216.860800266266
2025-05-09 21:41:31,613:INFO: (epoch 0), loss = 29598.465
2025-05-09 21:41:31,613:INFO: Best epoch 0, Best loss 100
2025-05-09 21:41:31,614:INFO: Saving model
2025-05-09 21:41:58,546:INFO: 4/40 (epoch 1), train_loss = 20143.546875000000, time/batch = 26.894537925720
2025-05-09 21:48:13,799:INFO: Training begin
2025-05-09 21:51:58,630:INFO: Training begin
2025-05-13 22:40:19,123:INFO: Training begin
2025-05-13 22:43:09,480:INFO: Training begin
2025-05-15 22:56:06,029:INFO: Training begin
2025-05-15 22:59:42,231:INFO: Training begin
2025-05-16 22:01:55,664:INFO: Training begin
2025-05-16 22:02:21,114:INFO: Training begin
2025-05-17 21:24:06,732:INFO: Training begin
2025-05-17 21:42:28,778:INFO: Training begin
2025-05-17 21:43:01,711:INFO: Training begin
2025-05-17 22:16:48,650:INFO: Training begin
2025-05-17 22:18:43,435:INFO: Training begin
2025-05-17 22:31:01,046:INFO: Training begin
2025-05-17 23:09:28,515:INFO: Training begin
2025-05-17 23:12:12,202:INFO: Training begin
2025-05-17 23:13:08,791:INFO: Training begin
2025-05-18 13:22:45,877:INFO: Training begin
2025-05-18 13:23:34,265:INFO: Training begin
2025-05-18 13:34:17,258:INFO: Training begin
2025-05-18 13:34:49,578:INFO: Training begin
2025-05-18 13:54:00,111:INFO: Training begin
2025-05-18 14:02:59,580:INFO: Training begin
2025-05-18 14:04:24,847:INFO: Training begin
2025-05-18 14:05:28,738:INFO: Training begin
2025-05-18 14:07:44,836:INFO: Training begin
2025-05-18 14:08:44,478:INFO: Training begin
2025-05-18 14:11:44,338:INFO: Training begin
2025-05-18 14:14:21,020:INFO: Training begin
2025-05-18 14:16:57,431:INFO: Training begin
2025-05-18 15:42:14,814:INFO: Training begin
2025-05-18 16:51:49,194:INFO: Training begin
2025-05-18 16:57:37,642:INFO: Training begin
2025-05-18 17:04:38,719:INFO: Training begin
2025-05-18 17:05:14,140:INFO: Training begin
2025-05-18 17:12:23,079:INFO: Training begin
2025-05-18 17:13:04,811:INFO: Training begin
2025-05-18 17:21:13,281:INFO: Training begin
2025-05-18 17:44:41,406:INFO: Training begin
2025-05-18 17:53:01,031:INFO: Training begin
2025-05-19 00:01:42,423:INFO: Training begin
2025-05-19 00:21:17,607:INFO: Training begin
2025-05-19 00:48:29,537:INFO: Training begin
2025-05-19 00:49:13,257:INFO: Training begin
2025-05-19 00:49:33,681:INFO: Training begin
2025-05-19 00:55:32,130:INFO: Training begin
2025-05-19 00:56:33,576:INFO: Training begin
2025-05-19 00:57:21,798:INFO: Training begin
2025-05-19 01:01:07,093:INFO: Training begin
2025-05-19 01:02:08,117:INFO: Training begin
2025-05-19 01:03:15,127:INFO: Training begin
2025-05-19 01:19:45,899:INFO: Training begin
2025-05-19 01:20:45,538:INFO: Training begin
2025-05-19 01:24:07,801:INFO: Training begin
2025-05-19 01:29:28,688:INFO: Training begin
2025-05-19 01:31:50,001:INFO: Training begin
2025-05-19 01:32:10,709:INFO: Training begin
2025-05-19 01:36:15,572:INFO: Training begin
2025-05-19 01:46:29,463:INFO: Training begin
2025-05-19 01:48:06,403:INFO: 0/20 (epoch 0), train_loss = 291123.375000000000, time/batch = 96.939097404480
2025-05-19 01:49:58,480:INFO: Training begin
2025-05-19 01:50:14,004:INFO: Training begin
2025-05-19 01:54:38,278:INFO: Training begin
2025-05-19 02:00:33,651:INFO: Training begin
2025-05-19 02:02:14,054:INFO: Training begin
2025-05-19 02:03:57,614:INFO: Training begin
2025-05-19 02:31:22,341:INFO: Training begin
2025-05-19 02:32:07,797:INFO: Training begin
2025-05-19 12:52:53,928:INFO: Training begin
2025-05-19 13:44:02,696:INFO: Training begin
2025-05-19 13:45:29,935:INFO: 0/20 (epoch 0), train_loss = 286602.812500000000, time/batch = 87.238051414490
2025-05-19 13:46:57,168:INFO: 1/20 (epoch 0), train_loss = 282923.875000000000, time/batch = 87.233431577682
2025-05-19 13:46:57,169:INFO: (epoch 0), loss = 284763.344
2025-05-19 13:46:57,169:INFO: Best epoch 0, Best loss 100
2025-05-19 13:46:57,169:INFO: Saving model
2025-05-19 13:48:27,010:INFO: 2/20 (epoch 1), train_loss = 287496.656250000000, time/batch = 89.792595148087
2025-05-19 13:49:51,020:INFO: 3/20 (epoch 1), train_loss = 280568.312500000000, time/batch = 84.009550571442
2025-05-19 13:49:51,020:INFO: (epoch 1), loss = 284032.484
2025-05-19 13:49:51,020:INFO: Best epoch 0, Best loss 100
2025-05-19 13:49:51,021:INFO: Saving model
2025-05-19 13:51:12,618:INFO: 4/20 (epoch 2), train_loss = 286014.593750000000, time/batch = 81.558615922928
2025-05-19 13:52:09,827:INFO: Training begin
2025-05-19 14:44:09,232:INFO: Training begin
2025-05-19 14:45:42,135:INFO: Training begin
2025-05-19 14:46:57,037:INFO: Training begin
2025-05-19 14:48:15,690:INFO: Training begin
2025-05-19 15:07:17,615:INFO: Training begin
2025-05-19 15:20:32,467:INFO: Training begin
2025-05-19 15:24:43,004:INFO: Training begin
2025-05-19 15:25:43,200:INFO: Training begin
2025-05-19 16:14:18,970:INFO: Training begin
2025-05-19 16:47:54,040:INFO: Training begin
2025-05-21 22:46:46,360:INFO: Training begin
2025-05-21 22:48:13,315:INFO: 0/200 (epoch 0), train_loss = 295103.500000000000, time/batch = 86.954332351685
2025-05-21 22:49:27,563:INFO: 1/200 (epoch 0), train_loss = 283522.843750000000, time/batch = 74.246444463730
2025-05-21 22:49:27,564:INFO: (epoch 0), loss = 289313.172
2025-05-21 22:49:27,564:INFO: Best epoch 0, Best loss 100
2025-05-21 22:49:27,564:INFO: Saving model
2025-05-21 22:50:43,559:INFO: 2/200 (epoch 1), train_loss = 296273.343750000000, time/batch = 75.951223373413
2025-05-21 22:52:03,689:INFO: 3/200 (epoch 1), train_loss = 285329.843750000000, time/batch = 80.129328489304
2025-05-21 22:52:03,690:INFO: (epoch 1), loss = 290801.594
2025-05-21 22:52:03,690:INFO: Best epoch 0, Best loss 100
2025-05-21 22:52:03,690:INFO: Saving model
2025-05-21 22:53:21,349:INFO: 4/200 (epoch 2), train_loss = 285833.687500000000, time/batch = 77.625108480453
2025-05-21 22:54:36,254:INFO: 5/200 (epoch 2), train_loss = 294787.656250000000, time/batch = 74.904117107391
2025-05-21 22:54:36,255:INFO: (epoch 2), loss = 290310.672
2025-05-21 22:54:36,255:INFO: Best epoch 0, Best loss 100
2025-05-21 22:54:36,255:INFO: Saving model
2025-05-21 22:55:50,871:INFO: 6/200 (epoch 3), train_loss = 282305.375000000000, time/batch = 74.581231117249
2025-05-21 22:57:04,130:INFO: 7/200 (epoch 3), train_loss = 291370.781250000000, time/batch = 73.255928277969
2025-05-21 22:57:04,130:INFO: (epoch 3), loss = 286838.078
2025-05-21 22:57:04,130:INFO: Best epoch 0, Best loss 100
2025-05-21 22:57:04,131:INFO: Saving model
2025-05-21 22:58:19,018:INFO: 8/200 (epoch 4), train_loss = 286646.187500000000, time/batch = 74.851845026016
2025-05-21 22:59:33,144:INFO: 9/200 (epoch 4), train_loss = 290235.500000000000, time/batch = 74.126661062241
2025-05-21 22:59:33,145:INFO: (epoch 4), loss = 288440.844
2025-05-21 22:59:33,145:INFO: Best epoch 0, Best loss 100
2025-05-21 22:59:33,145:INFO: Saving model
2025-05-21 23:00:47,293:INFO: 10/200 (epoch 5), train_loss = 290303.968750000000, time/batch = 74.111592292786
2025-05-21 23:02:01,424:INFO: 11/200 (epoch 5), train_loss = 289036.375000000000, time/batch = 74.130820751190
2025-05-21 23:02:01,425:INFO: (epoch 5), loss = 289670.172
2025-05-21 23:02:01,425:INFO: Best epoch 0, Best loss 100
2025-05-21 23:02:01,425:INFO: Saving model
2025-05-21 23:03:16,056:INFO: 12/200 (epoch 6), train_loss = 285277.312500000000, time/batch = 74.593579053879
2025-05-21 23:04:27,290:INFO: 13/200 (epoch 6), train_loss = 295024.531250000000, time/batch = 71.234255075455
2025-05-21 23:04:27,290:INFO: (epoch 6), loss = 290150.922
2025-05-21 23:04:27,290:INFO: Best epoch 0, Best loss 100
2025-05-21 23:04:27,291:INFO: Saving model
2025-05-21 23:05:42,030:INFO: 14/200 (epoch 7), train_loss = 293505.843750000000, time/batch = 74.703182220459
2025-05-21 23:06:53,905:INFO: 15/200 (epoch 7), train_loss = 290230.218750000000, time/batch = 71.874727725983
2025-05-21 23:06:53,906:INFO: (epoch 7), loss = 291868.031
2025-05-21 23:06:53,906:INFO: Best epoch 0, Best loss 100
2025-05-21 23:06:53,906:INFO: Saving model
2025-05-21 23:08:08,580:INFO: 16/200 (epoch 8), train_loss = 287757.781250000000, time/batch = 74.634967327118
2025-05-21 23:09:19,519:INFO: 17/200 (epoch 8), train_loss = 290379.406250000000, time/batch = 70.938997745514
2025-05-21 23:09:19,519:INFO: (epoch 8), loss = 289068.594
2025-05-21 23:09:19,519:INFO: Best epoch 0, Best loss 100
2025-05-21 23:09:19,519:INFO: Saving model
2025-05-21 23:10:34,849:INFO: 18/200 (epoch 9), train_loss = 285901.562500000000, time/batch = 75.294692277908
2025-05-21 23:11:47,302:INFO: 19/200 (epoch 9), train_loss = 281333.593750000000, time/batch = 72.453470706940
2025-05-21 23:11:47,302:INFO: (epoch 9), loss = 283617.578
2025-05-21 23:11:47,302:INFO: Best epoch 0, Best loss 100
2025-05-21 23:11:47,302:INFO: Saving model
2025-05-21 23:13:02,111:INFO: 20/200 (epoch 10), train_loss = 289221.375000000000, time/batch = 74.774080753326
2025-05-21 23:14:17,119:INFO: 21/200 (epoch 10), train_loss = 290772.656250000000, time/batch = 75.006085157394
2025-05-21 23:14:17,119:INFO: (epoch 10), loss = 289997.016
2025-05-21 23:14:17,119:INFO: Best epoch 0, Best loss 100
2025-05-21 23:14:17,119:INFO: Saving model
2025-05-21 23:15:31,388:INFO: 22/200 (epoch 11), train_loss = 297437.968750000000, time/batch = 74.226012706757
2025-05-21 23:16:43,552:INFO: 23/200 (epoch 11), train_loss = 289467.468750000000, time/batch = 72.163205385208
2025-05-21 23:16:43,552:INFO: (epoch 11), loss = 293452.719
2025-05-21 23:16:43,552:INFO: Best epoch 0, Best loss 100
2025-05-21 23:16:43,553:INFO: Saving model
2025-05-21 23:17:58,181:INFO: 24/200 (epoch 12), train_loss = 286374.968750000000, time/batch = 74.590067863464
2025-05-21 23:19:09,877:INFO: 25/200 (epoch 12), train_loss = 288887.250000000000, time/batch = 71.695185661316
2025-05-21 23:19:09,877:INFO: (epoch 12), loss = 287631.109
2025-05-21 23:19:09,877:INFO: Best epoch 0, Best loss 100
2025-05-21 23:19:09,878:INFO: Saving model
2025-05-21 23:20:22,997:INFO: 26/200 (epoch 13), train_loss = 285343.718750000000, time/batch = 73.079357147217
2025-05-21 23:21:36,852:INFO: 27/200 (epoch 13), train_loss = 285292.687500000000, time/batch = 73.855417490005
2025-05-21 23:21:36,852:INFO: (epoch 13), loss = 285318.203
2025-05-21 23:21:36,852:INFO: Best epoch 0, Best loss 100
2025-05-21 23:21:36,853:INFO: Saving model
2025-05-21 23:22:51,300:INFO: 28/200 (epoch 14), train_loss = 289055.531250000000, time/batch = 74.412088155746
2025-05-21 23:24:03,208:INFO: 29/200 (epoch 14), train_loss = 290192.968750000000, time/batch = 71.907036781311
2025-05-21 23:24:03,209:INFO: (epoch 14), loss = 289624.250
2025-05-21 23:24:03,209:INFO: Best epoch 0, Best loss 100
2025-05-21 23:24:03,209:INFO: Saving model
2025-05-21 23:25:18,076:INFO: 30/200 (epoch 15), train_loss = 286108.406250000000, time/batch = 74.829933404922
2025-05-21 23:26:29,767:INFO: 31/200 (epoch 15), train_loss = 271300.000000000000, time/batch = 71.690960645676
2025-05-21 23:26:29,768:INFO: (epoch 15), loss = 278704.203
2025-05-21 23:26:29,768:INFO: Best epoch 0, Best loss 100
2025-05-21 23:26:29,768:INFO: Saving model
2025-05-21 23:27:45,111:INFO: 32/200 (epoch 16), train_loss = 295072.562500000000, time/batch = 75.299455642700
2025-05-21 23:28:59,947:INFO: 33/200 (epoch 16), train_loss = 280028.125000000000, time/batch = 74.835060834885
2025-05-21 23:28:59,948:INFO: (epoch 16), loss = 287550.344
2025-05-21 23:28:59,948:INFO: Best epoch 0, Best loss 100
2025-05-21 23:28:59,948:INFO: Saving model
2025-05-21 23:30:15,426:INFO: 34/200 (epoch 17), train_loss = 284042.062500000000, time/batch = 75.371613979340
2025-05-21 23:31:26,933:INFO: 35/200 (epoch 17), train_loss = 286475.906250000000, time/batch = 71.506675481796
2025-05-21 23:31:26,933:INFO: (epoch 17), loss = 285258.984
2025-05-21 23:31:26,934:INFO: Best epoch 0, Best loss 100
2025-05-21 23:31:26,934:INFO: Saving model
2025-05-21 23:32:40,035:INFO: 36/200 (epoch 18), train_loss = 285105.187500000000, time/batch = 73.062027931213
2025-05-21 23:33:51,793:INFO: 37/200 (epoch 18), train_loss = 282193.843750000000, time/batch = 71.758542060852
2025-05-21 23:33:51,793:INFO: (epoch 18), loss = 283649.516
2025-05-21 23:33:51,793:INFO: Best epoch 0, Best loss 100
2025-05-21 23:33:51,794:INFO: Saving model
2025-05-21 23:35:07,111:INFO: 38/200 (epoch 19), train_loss = 288402.000000000000, time/batch = 75.277545452118
2025-05-21 23:36:20,775:INFO: 39/200 (epoch 19), train_loss = 290814.718750000000, time/batch = 73.663972377777
2025-05-21 23:36:20,775:INFO: (epoch 19), loss = 289608.359
2025-05-21 23:36:20,776:INFO: Best epoch 0, Best loss 100
2025-05-21 23:36:20,776:INFO: Saving model
2025-05-21 23:37:37,321:INFO: 40/200 (epoch 20), train_loss = 280066.843750000000, time/batch = 76.452569246292
2025-05-21 23:38:51,438:INFO: 41/200 (epoch 20), train_loss = 283474.156250000000, time/batch = 74.116832494736
2025-05-21 23:38:51,438:INFO: (epoch 20), loss = 281770.500
2025-05-21 23:38:51,438:INFO: Best epoch 0, Best loss 100
2025-05-21 23:38:51,438:INFO: Saving model
2025-05-21 23:40:07,146:INFO: 42/200 (epoch 21), train_loss = 289658.312500000000, time/batch = 75.671096801758
2025-05-21 23:41:19,006:INFO: 43/200 (epoch 21), train_loss = 287672.437500000000, time/batch = 71.858713865280
2025-05-21 23:41:19,007:INFO: (epoch 21), loss = 288665.375
2025-05-21 23:41:19,007:INFO: Best epoch 0, Best loss 100
2025-05-21 23:41:19,007:INFO: Saving model
2025-05-21 23:42:34,583:INFO: 44/200 (epoch 22), train_loss = 290126.250000000000, time/batch = 75.537881851196
2025-05-21 23:43:46,287:INFO: 45/200 (epoch 22), train_loss = 283269.437500000000, time/batch = 71.702682495117
2025-05-21 23:43:46,287:INFO: (epoch 22), loss = 286697.844
2025-05-21 23:43:46,287:INFO: Best epoch 0, Best loss 100
2025-05-21 23:43:46,287:INFO: Saving model
2025-05-21 23:44:59,387:INFO: 46/200 (epoch 23), train_loss = 291821.468750000000, time/batch = 73.065078735352
2025-05-21 23:46:11,486:INFO: 47/200 (epoch 23), train_loss = 285807.125000000000, time/batch = 72.098486423492
2025-05-21 23:46:11,486:INFO: (epoch 23), loss = 288814.297
2025-05-21 23:46:11,486:INFO: Best epoch 0, Best loss 100
2025-05-21 23:46:11,487:INFO: Saving model
2025-05-21 23:47:26,493:INFO: 48/200 (epoch 24), train_loss = 284963.343750000000, time/batch = 74.966839075089
2025-05-21 23:48:38,695:INFO: 49/200 (epoch 24), train_loss = 293222.750000000000, time/batch = 72.201583147049
2025-05-21 23:48:38,696:INFO: (epoch 24), loss = 289093.047
2025-05-21 23:48:38,696:INFO: Best epoch 0, Best loss 100
2025-05-21 23:48:38,696:INFO: Saving model
2025-05-21 23:49:53,802:INFO: 50/200 (epoch 25), train_loss = 287701.125000000000, time/batch = 75.062489986420
2025-05-21 23:51:08,650:INFO: 51/200 (epoch 25), train_loss = 292321.125000000000, time/batch = 74.847044944763
2025-05-21 23:51:08,650:INFO: (epoch 25), loss = 290011.125
2025-05-21 23:51:08,650:INFO: Best epoch 0, Best loss 100
2025-05-21 23:51:08,650:INFO: Saving model
2025-05-21 23:52:23,197:INFO: 52/200 (epoch 26), train_loss = 289076.968750000000, time/batch = 74.507332563400
2025-05-21 23:53:35,657:INFO: 53/200 (epoch 26), train_loss = 291757.093750000000, time/batch = 72.458925724030
2025-05-21 23:53:35,657:INFO: (epoch 26), loss = 290417.031
2025-05-21 23:53:35,657:INFO: Best epoch 0, Best loss 100
2025-05-21 23:53:35,657:INFO: Saving model
2025-05-21 23:54:50,405:INFO: 54/200 (epoch 27), train_loss = 293684.812500000000, time/batch = 74.708714962006
2025-05-21 23:56:04,675:INFO: 55/200 (epoch 27), train_loss = 293657.343750000000, time/batch = 74.269734621048
2025-05-21 23:56:04,676:INFO: (epoch 27), loss = 293671.078
2025-05-21 23:56:04,676:INFO: Best epoch 0, Best loss 100
2025-05-21 23:56:04,676:INFO: Saving model
2025-05-21 23:57:19,338:INFO: 56/200 (epoch 28), train_loss = 287198.000000000000, time/batch = 74.623187303543
2025-05-21 23:58:33,573:INFO: 57/200 (epoch 28), train_loss = 286754.875000000000, time/batch = 74.233638048172
2025-05-21 23:58:33,573:INFO: (epoch 28), loss = 286976.438
2025-05-21 23:58:33,573:INFO: Best epoch 0, Best loss 100
2025-05-21 23:58:33,574:INFO: Saving model
2025-05-21 23:59:48,887:INFO: 58/200 (epoch 29), train_loss = 288893.375000000000, time/batch = 75.274783849716
2025-05-22 00:01:01,247:INFO: 59/200 (epoch 29), train_loss = 292517.437500000000, time/batch = 72.360251188278
2025-05-22 00:01:01,247:INFO: (epoch 29), loss = 290705.406
2025-05-22 00:01:01,247:INFO: Best epoch 0, Best loss 100
2025-05-22 00:01:01,248:INFO: Saving model
2025-05-22 00:02:13,697:INFO: 60/200 (epoch 30), train_loss = 286503.593750000000, time/batch = 72.411476850510
2025-05-22 00:03:25,705:INFO: 61/200 (epoch 30), train_loss = 287981.781250000000, time/batch = 72.006840467453
2025-05-22 00:03:25,705:INFO: (epoch 30), loss = 287242.688
2025-05-22 00:03:25,705:INFO: Best epoch 0, Best loss 100
2025-05-22 00:03:25,705:INFO: Saving model
2025-05-22 00:04:38,725:INFO: 62/200 (epoch 31), train_loss = 292700.968750000000, time/batch = 72.974882602692
2025-05-22 00:05:50,863:INFO: 63/200 (epoch 31), train_loss = 280089.000000000000, time/batch = 72.137944698334
2025-05-22 00:05:50,863:INFO: (epoch 31), loss = 286394.984
2025-05-22 00:05:50,863:INFO: Best epoch 0, Best loss 100
2025-05-22 00:05:50,863:INFO: Saving model
2025-05-22 00:07:06,128:INFO: 64/200 (epoch 32), train_loss = 290631.593750000000, time/batch = 75.229318857193
2025-05-22 00:08:19,564:INFO: 65/200 (epoch 32), train_loss = 297699.375000000000, time/batch = 73.435487747192
2025-05-22 00:08:19,565:INFO: (epoch 32), loss = 294165.484
2025-05-22 00:08:19,565:INFO: Best epoch 0, Best loss 100
2025-05-22 00:08:19,565:INFO: Saving model
2025-05-22 00:09:33,884:INFO: 66/200 (epoch 33), train_loss = 289402.968750000000, time/batch = 74.274152278900
2025-05-22 00:10:45,356:INFO: 67/200 (epoch 33), train_loss = 284490.750000000000, time/batch = 71.472143411636
2025-05-22 00:10:45,356:INFO: (epoch 33), loss = 286946.859
2025-05-22 00:10:45,357:INFO: Best epoch 0, Best loss 100
2025-05-22 00:10:45,357:INFO: Saving model
2025-05-22 00:11:58,064:INFO: 68/200 (epoch 34), train_loss = 291782.812500000000, time/batch = 72.669655561447
2025-05-22 00:13:12,555:INFO: 69/200 (epoch 34), train_loss = 294481.218750000000, time/batch = 74.490765810013
2025-05-22 00:13:12,556:INFO: (epoch 34), loss = 293132.016
2025-05-22 00:13:12,556:INFO: Best epoch 0, Best loss 100
2025-05-22 00:13:12,556:INFO: Saving model
2025-05-22 00:14:27,494:INFO: 70/200 (epoch 35), train_loss = 288842.500000000000, time/batch = 74.897399902344
2025-05-22 00:15:41,705:INFO: 71/200 (epoch 35), train_loss = 282650.843750000000, time/batch = 74.211774349213
2025-05-22 00:15:41,705:INFO: (epoch 35), loss = 285746.672
2025-05-22 00:15:41,707:INFO: Best epoch 0, Best loss 100
2025-05-22 00:15:41,707:INFO: Saving model
2025-05-22 00:16:56,701:INFO: 72/200 (epoch 36), train_loss = 291264.250000000000, time/batch = 74.954728126526
2025-05-22 00:18:11,305:INFO: 73/200 (epoch 36), train_loss = 284204.875000000000, time/batch = 74.604227542877
2025-05-22 00:18:11,306:INFO: (epoch 36), loss = 287734.562
2025-05-22 00:18:11,306:INFO: Best epoch 0, Best loss 100
2025-05-22 00:18:11,306:INFO: Saving model
2025-05-22 00:19:26,711:INFO: 74/200 (epoch 37), train_loss = 280171.906250000000, time/batch = 75.362694501877
2025-05-22 00:20:38,873:INFO: 75/200 (epoch 37), train_loss = 286097.843750000000, time/batch = 72.161705493927
2025-05-22 00:20:38,873:INFO: (epoch 37), loss = 283134.875
2025-05-22 00:20:38,873:INFO: Best epoch 0, Best loss 100
2025-05-22 00:20:38,875:INFO: Saving model
2025-05-22 00:21:54,115:INFO: 76/200 (epoch 38), train_loss = 290356.750000000000, time/batch = 75.143707275391
2025-05-22 00:23:05,982:INFO: 77/200 (epoch 38), train_loss = 285792.218750000000, time/batch = 71.867490291595
2025-05-22 00:23:05,984:INFO: (epoch 38), loss = 288074.484
2025-05-22 00:23:05,984:INFO: Best epoch 0, Best loss 100
2025-05-22 00:23:05,984:INFO: Saving model
2025-05-22 00:24:19,950:INFO: 78/200 (epoch 39), train_loss = 284362.875000000000, time/batch = 73.927663803101
2025-05-22 00:25:34,233:INFO: 79/200 (epoch 39), train_loss = 286631.843750000000, time/batch = 74.283627748489
2025-05-22 00:25:34,233:INFO: (epoch 39), loss = 285497.359
2025-05-22 00:25:34,233:INFO: Best epoch 0, Best loss 100
2025-05-22 00:25:34,234:INFO: Saving model
2025-05-22 00:26:49,382:INFO: 80/200 (epoch 40), train_loss = 286638.375000000000, time/batch = 75.107960224152
2025-05-22 00:28:03,185:INFO: 81/200 (epoch 40), train_loss = 293339.750000000000, time/batch = 73.802935838699
2025-05-22 00:28:03,186:INFO: (epoch 40), loss = 289989.062
2025-05-22 00:28:03,186:INFO: Best epoch 0, Best loss 100
2025-05-22 00:28:03,186:INFO: Saving model
2025-05-22 00:29:18,284:INFO: 82/200 (epoch 41), train_loss = 285329.562500000000, time/batch = 75.055226564407
2025-05-22 00:30:29,899:INFO: 83/200 (epoch 41), train_loss = 290621.468750000000, time/batch = 71.614520549774
2025-05-22 00:30:29,899:INFO: (epoch 41), loss = 287975.516
2025-05-22 00:30:29,899:INFO: Best epoch 0, Best loss 100
2025-05-22 00:30:29,899:INFO: Saving model
2025-05-22 00:31:42,367:INFO: 84/200 (epoch 42), train_loss = 285524.031250000000, time/batch = 72.431316614151
2025-05-22 00:32:56,769:INFO: 85/200 (epoch 42), train_loss = 288726.093750000000, time/batch = 74.400990486145
2025-05-22 00:32:56,769:INFO: (epoch 42), loss = 287125.062
2025-05-22 00:32:56,769:INFO: Best epoch 0, Best loss 100
2025-05-22 00:32:56,769:INFO: Saving model
2025-05-22 00:34:11,833:INFO: 86/200 (epoch 43), train_loss = 284659.718750000000, time/batch = 75.006857872009
2025-05-22 00:35:24,474:INFO: 87/200 (epoch 43), train_loss = 286135.375000000000, time/batch = 72.641038417816
2025-05-22 00:35:24,474:INFO: (epoch 43), loss = 285397.547
2025-05-22 00:35:24,475:INFO: Best epoch 0, Best loss 100
2025-05-22 00:35:24,475:INFO: Saving model
2025-05-22 00:36:39,596:INFO: 88/200 (epoch 44), train_loss = 287970.000000000000, time/batch = 75.087932825089
2025-05-22 00:37:51,593:INFO: 89/200 (epoch 44), train_loss = 291020.937500000000, time/batch = 71.996939897537
2025-05-22 00:37:51,594:INFO: (epoch 44), loss = 289495.469
2025-05-22 00:37:51,594:INFO: Best epoch 0, Best loss 100
2025-05-22 00:37:51,594:INFO: Saving model
2025-05-22 00:39:06,028:INFO: 90/200 (epoch 45), train_loss = 291375.437500000000, time/batch = 74.392222404480
2025-05-22 00:40:20,253:INFO: 91/200 (epoch 45), train_loss = 284097.468750000000, time/batch = 74.225702047348
2025-05-22 00:40:20,253:INFO: (epoch 45), loss = 287736.453
2025-05-22 00:40:20,254:INFO: Best epoch 0, Best loss 100
2025-05-22 00:40:20,254:INFO: Saving model
2025-05-22 00:41:35,178:INFO: 92/200 (epoch 46), train_loss = 285442.468750000000, time/batch = 74.883681058884
2025-05-22 00:42:58,011:INFO: 93/200 (epoch 46), train_loss = 291954.906250000000, time/batch = 82.833290576935
2025-05-22 00:42:58,011:INFO: (epoch 46), loss = 288698.688
2025-05-22 00:42:58,011:INFO: Best epoch 0, Best loss 100
2025-05-22 00:42:58,011:INFO: Saving model
2025-05-22 00:44:26,634:INFO: 94/200 (epoch 47), train_loss = 288533.875000000000, time/batch = 88.576557159424
2025-05-22 00:45:55,878:INFO: 95/200 (epoch 47), train_loss = 289358.406250000000, time/batch = 89.243412971497
2025-05-22 00:45:55,878:INFO: (epoch 47), loss = 288946.141
2025-05-22 00:45:55,879:INFO: Best epoch 0, Best loss 100
2025-05-22 00:45:55,879:INFO: Saving model
2025-05-22 00:47:14,330:INFO: 96/200 (epoch 48), train_loss = 283853.656250000000, time/batch = 78.410867214203
2025-05-22 00:48:26,545:INFO: 97/200 (epoch 48), train_loss = 285469.312500000000, time/batch = 72.214675426483
2025-05-22 00:48:26,545:INFO: (epoch 48), loss = 284661.484
2025-05-22 00:48:26,545:INFO: Best epoch 0, Best loss 100
2025-05-22 00:48:26,546:INFO: Saving model
2025-05-22 00:49:44,143:INFO: 98/200 (epoch 49), train_loss = 283279.906250000000, time/batch = 77.555328607559
2025-05-22 00:51:00,702:INFO: 99/200 (epoch 49), train_loss = 284268.531250000000, time/batch = 76.558499336243
2025-05-22 00:51:00,703:INFO: (epoch 49), loss = 283774.219
2025-05-22 00:51:00,703:INFO: Best epoch 0, Best loss 100
2025-05-22 00:51:00,703:INFO: Saving model
2025-05-22 00:52:15,664:INFO: 100/200 (epoch 50), train_loss = 280362.062500000000, time/batch = 74.922494649887
2025-05-22 00:53:27,565:INFO: 101/200 (epoch 50), train_loss = 282541.093750000000, time/batch = 71.900894165039
2025-05-22 00:53:27,565:INFO: (epoch 50), loss = 281451.578
2025-05-22 00:53:27,565:INFO: Best epoch 0, Best loss 100
2025-05-22 00:53:27,566:INFO: Saving model
2025-05-22 00:54:45,714:INFO: 102/200 (epoch 51), train_loss = 289175.781250000000, time/batch = 78.108515024185
2025-05-22 00:56:01,776:INFO: 103/200 (epoch 51), train_loss = 283738.531250000000, time/batch = 76.061819076538
2025-05-22 00:56:01,776:INFO: (epoch 51), loss = 286457.156
2025-05-22 00:56:01,776:INFO: Best epoch 0, Best loss 100
2025-05-22 00:56:01,777:INFO: Saving model
2025-05-22 00:57:19,887:INFO: 104/200 (epoch 52), train_loss = 289149.375000000000, time/batch = 78.069584131241
2025-05-22 00:58:33,034:INFO: 105/200 (epoch 52), train_loss = 286023.531250000000, time/batch = 73.146902084351
2025-05-22 00:58:33,034:INFO: (epoch 52), loss = 287586.453
2025-05-22 00:58:33,035:INFO: Best epoch 0, Best loss 100
2025-05-22 00:58:33,035:INFO: Saving model
2025-05-22 00:59:50,414:INFO: 106/200 (epoch 53), train_loss = 284287.531250000000, time/batch = 77.345338582993
2025-05-22 01:01:12,139:INFO: 107/200 (epoch 53), train_loss = 286398.968750000000, time/batch = 81.725211143494
2025-05-22 01:01:12,140:INFO: (epoch 53), loss = 285343.250
2025-05-22 01:01:12,140:INFO: Best epoch 0, Best loss 100
2025-05-22 01:01:12,140:INFO: Saving model
2025-05-22 01:02:29,210:INFO: 108/200 (epoch 54), train_loss = 285400.812500000000, time/batch = 77.026945352554
2025-05-22 01:03:41,230:INFO: 109/200 (epoch 54), train_loss = 286873.718750000000, time/batch = 72.020343303680
2025-05-22 01:03:41,231:INFO: (epoch 54), loss = 286137.266
2025-05-22 01:03:41,231:INFO: Best epoch 0, Best loss 100
2025-05-22 01:03:41,231:INFO: Saving model
2025-05-22 01:04:56,431:INFO: 110/200 (epoch 55), train_loss = 287274.093750000000, time/batch = 75.159691333771
2025-05-22 01:06:08,277:INFO: 111/200 (epoch 55), train_loss = 290069.687500000000, time/batch = 71.845931768417
2025-05-22 01:06:08,277:INFO: (epoch 55), loss = 288671.891
2025-05-22 01:06:08,278:INFO: Best epoch 0, Best loss 100
2025-05-22 01:06:08,278:INFO: Saving model
2025-05-22 01:07:22,398:INFO: 112/200 (epoch 56), train_loss = 290128.500000000000, time/batch = 74.079989671707
2025-05-22 01:08:33,948:INFO: 113/200 (epoch 56), train_loss = 283288.906250000000, time/batch = 71.550683021545
2025-05-22 01:08:33,948:INFO: (epoch 56), loss = 286708.703
2025-05-22 01:08:33,948:INFO: Best epoch 0, Best loss 100
2025-05-22 01:08:33,948:INFO: Saving model
2025-05-22 01:09:47,231:INFO: 114/200 (epoch 57), train_loss = 289139.500000000000, time/batch = 73.242639064789
2025-05-22 01:11:00,850:INFO: 115/200 (epoch 57), train_loss = 286270.468750000000, time/batch = 73.619527339935
2025-05-22 01:11:00,850:INFO: (epoch 57), loss = 287704.984
2025-05-22 01:11:00,850:INFO: Best epoch 0, Best loss 100
2025-05-22 01:11:00,850:INFO: Saving model
2025-05-22 01:12:14,387:INFO: 116/200 (epoch 58), train_loss = 279854.406250000000, time/batch = 73.496156215668
2025-05-22 01:13:26,769:INFO: 117/200 (epoch 58), train_loss = 286129.406250000000, time/batch = 72.381663322449
2025-05-22 01:13:26,769:INFO: (epoch 58), loss = 282991.906
2025-05-22 01:13:26,770:INFO: Best epoch 0, Best loss 100
2025-05-22 01:13:26,770:INFO: Saving model
2025-05-22 01:14:42,152:INFO: 118/200 (epoch 59), train_loss = 284204.343750000000, time/batch = 75.343266487122
2025-05-22 01:15:56,607:INFO: 119/200 (epoch 59), train_loss = 283653.312500000000, time/batch = 74.454279422760
2025-05-22 01:15:56,607:INFO: (epoch 59), loss = 283928.828
2025-05-22 01:15:56,607:INFO: Best epoch 0, Best loss 100
2025-05-22 01:15:56,607:INFO: Saving model
2025-05-22 01:17:10,883:INFO: 120/200 (epoch 60), train_loss = 288240.718750000000, time/batch = 74.233159065247
2025-05-22 01:18:23,459:INFO: 121/200 (epoch 60), train_loss = 286480.468750000000, time/batch = 72.576977252960
2025-05-22 01:18:23,459:INFO: (epoch 60), loss = 287360.594
2025-05-22 01:18:23,459:INFO: Best epoch 0, Best loss 100
2025-05-22 01:18:23,460:INFO: Saving model
2025-05-22 01:19:38,321:INFO: 122/200 (epoch 61), train_loss = 288404.718750000000, time/batch = 74.821381807327
2025-05-22 01:20:49,611:INFO: 123/200 (epoch 61), train_loss = 294559.406250000000, time/batch = 71.289497613907
2025-05-22 01:20:49,611:INFO: (epoch 61), loss = 291482.062
2025-05-22 01:20:49,611:INFO: Best epoch 0, Best loss 100
2025-05-22 01:20:49,612:INFO: Saving model
2025-05-22 01:22:01,820:INFO: 124/200 (epoch 62), train_loss = 284071.218750000000, time/batch = 72.169438600540
2025-05-22 01:23:13,783:INFO: 125/200 (epoch 62), train_loss = 289338.468750000000, time/batch = 71.962312698364
2025-05-22 01:23:13,783:INFO: (epoch 62), loss = 286704.844
2025-05-22 01:23:13,783:INFO: Best epoch 0, Best loss 100
2025-05-22 01:23:13,783:INFO: Saving model
2025-05-22 01:24:27,063:INFO: 126/200 (epoch 63), train_loss = 283705.843750000000, time/batch = 73.239955663681
2025-05-22 01:25:41,200:INFO: 127/200 (epoch 63), train_loss = 288900.687500000000, time/batch = 74.136328935623
2025-05-22 01:25:41,201:INFO: (epoch 63), loss = 286303.266
2025-05-22 01:25:41,201:INFO: Best epoch 0, Best loss 100
2025-05-22 01:25:41,201:INFO: Saving model
2025-05-22 01:26:57,275:INFO: 128/200 (epoch 64), train_loss = 288657.375000000000, time/batch = 76.035083770752
2025-05-22 01:28:11,539:INFO: 129/200 (epoch 64), train_loss = 292656.437500000000, time/batch = 74.263292312622
2025-05-22 01:28:11,539:INFO: (epoch 64), loss = 290656.906
2025-05-22 01:28:11,539:INFO: Best epoch 0, Best loss 100
2025-05-22 01:28:11,539:INFO: Saving model
2025-05-22 01:29:25,840:INFO: 130/200 (epoch 65), train_loss = 281485.000000000000, time/batch = 74.255065202713
2025-05-22 01:30:37,314:INFO: 131/200 (epoch 65), train_loss = 293146.875000000000, time/batch = 71.473380088806
2025-05-22 01:30:37,315:INFO: (epoch 65), loss = 287315.938
2025-05-22 01:30:37,315:INFO: Best epoch 0, Best loss 100
2025-05-22 01:30:37,315:INFO: Saving model
2025-05-22 01:31:51,381:INFO: 132/200 (epoch 66), train_loss = 285476.312500000000, time/batch = 74.025974988937
2025-05-22 01:33:03,239:INFO: 133/200 (epoch 66), train_loss = 285688.062500000000, time/batch = 71.857002019882
2025-05-22 01:33:03,239:INFO: (epoch 66), loss = 285582.188
2025-05-22 01:33:03,239:INFO: Best epoch 0, Best loss 100
2025-05-22 01:33:03,239:INFO: Saving model
2025-05-22 01:34:18,381:INFO: 134/200 (epoch 67), train_loss = 288719.687500000000, time/batch = 75.101360797882
2025-05-22 01:35:30,572:INFO: 135/200 (epoch 67), train_loss = 293228.562500000000, time/batch = 72.189964056015
2025-05-22 01:35:30,572:INFO: (epoch 67), loss = 290974.125
2025-05-22 01:35:30,572:INFO: Best epoch 0, Best loss 100
2025-05-22 01:35:30,572:INFO: Saving model
2025-05-22 01:36:43,433:INFO: 136/200 (epoch 68), train_loss = 295758.875000000000, time/batch = 72.822010993958
2025-05-22 01:37:55,577:INFO: 137/200 (epoch 68), train_loss = 287056.093750000000, time/batch = 72.143871068954
2025-05-22 01:37:55,577:INFO: (epoch 68), loss = 291407.484
2025-05-22 01:37:55,578:INFO: Best epoch 0, Best loss 100
2025-05-22 01:37:55,578:INFO: Saving model
2025-05-22 01:39:10,548:INFO: 138/200 (epoch 69), train_loss = 291694.968750000000, time/batch = 74.928875446320
2025-05-22 01:40:22,796:INFO: 139/200 (epoch 69), train_loss = 285372.781250000000, time/batch = 72.248596429825
2025-05-22 01:40:22,796:INFO: (epoch 69), loss = 288533.875
2025-05-22 01:40:22,797:INFO: Best epoch 0, Best loss 100
2025-05-22 01:40:22,797:INFO: Saving model
2025-05-22 01:41:37,010:INFO: 140/200 (epoch 70), train_loss = 287466.375000000000, time/batch = 74.170881032944
2025-05-22 01:42:49,819:INFO: 141/200 (epoch 70), train_loss = 288736.156250000000, time/batch = 72.809518098831
2025-05-22 01:42:49,819:INFO: (epoch 70), loss = 288101.266
2025-05-22 01:42:49,820:INFO: Best epoch 0, Best loss 100
2025-05-22 01:42:49,820:INFO: Saving model
2025-05-22 01:44:05,155:INFO: 142/200 (epoch 71), train_loss = 278596.156250000000, time/batch = 75.295354127884
2025-05-22 01:45:16,800:INFO: 143/200 (epoch 71), train_loss = 293158.406250000000, time/batch = 71.644536972046
2025-05-22 01:45:16,800:INFO: (epoch 71), loss = 285877.281
2025-05-22 01:45:16,800:INFO: Best epoch 0, Best loss 100
2025-05-22 01:45:16,800:INFO: Saving model
2025-05-22 01:46:32,111:INFO: 144/200 (epoch 72), train_loss = 284587.531250000000, time/batch = 75.271742343903
2025-05-22 01:47:45,785:INFO: 145/200 (epoch 72), train_loss = 292949.968750000000, time/batch = 73.673266649246
2025-05-22 01:47:45,785:INFO: (epoch 72), loss = 288768.750
2025-05-22 01:47:45,785:INFO: Best epoch 0, Best loss 100
2025-05-22 01:47:45,785:INFO: Saving model
2025-05-22 01:49:01,061:INFO: 146/200 (epoch 73), train_loss = 285733.718750000000, time/batch = 75.235439538956
2025-05-22 01:50:15,468:INFO: 147/200 (epoch 73), train_loss = 286887.562500000000, time/batch = 74.406356811523
2025-05-22 01:50:15,468:INFO: (epoch 73), loss = 286310.641
2025-05-22 01:50:15,468:INFO: Best epoch 0, Best loss 100
2025-05-22 01:50:15,469:INFO: Saving model
2025-05-22 01:51:31,012:INFO: 148/200 (epoch 74), train_loss = 289958.187500000000, time/batch = 75.506049156189
2025-05-22 01:52:43,060:INFO: 149/200 (epoch 74), train_loss = 283308.437500000000, time/batch = 72.048419475555
2025-05-22 01:52:43,061:INFO: (epoch 74), loss = 286633.312
2025-05-22 01:52:43,061:INFO: Best epoch 0, Best loss 100
2025-05-22 01:52:43,061:INFO: Saving model
2025-05-22 01:53:57,798:INFO: 150/200 (epoch 75), train_loss = 290777.187500000000, time/batch = 74.696918487549
2025-05-22 01:55:09,285:INFO: 151/200 (epoch 75), train_loss = 283199.000000000000, time/batch = 71.485525369644
2025-05-22 01:55:09,286:INFO: (epoch 75), loss = 286988.094
2025-05-22 01:55:09,286:INFO: Best epoch 0, Best loss 100
2025-05-22 01:55:09,286:INFO: Saving model
2025-05-22 01:56:23,966:INFO: 152/200 (epoch 76), train_loss = 289013.812500000000, time/batch = 74.598108530045
2025-05-22 01:57:38,584:INFO: 153/200 (epoch 76), train_loss = 281969.593750000000, time/batch = 74.617851018906
2025-05-22 01:57:38,585:INFO: (epoch 76), loss = 285491.703
2025-05-22 01:57:38,585:INFO: Best epoch 0, Best loss 100
2025-05-22 01:57:38,585:INFO: Saving model
2025-05-22 01:58:53,870:INFO: 154/200 (epoch 77), train_loss = 288728.437500000000, time/batch = 75.246527433395
2025-05-22 02:00:07,815:INFO: 155/200 (epoch 77), train_loss = 290798.375000000000, time/batch = 73.944088459015
2025-05-22 02:00:07,816:INFO: (epoch 77), loss = 289763.406
2025-05-22 02:00:07,816:INFO: Best epoch 0, Best loss 100
2025-05-22 02:00:07,816:INFO: Saving model
2025-05-22 02:01:22,007:INFO: 156/200 (epoch 78), train_loss = 292024.750000000000, time/batch = 74.151313543320
2025-05-22 02:02:36,322:INFO: 157/200 (epoch 78), train_loss = 283445.375000000000, time/batch = 74.314073085785
2025-05-22 02:02:36,322:INFO: (epoch 78), loss = 287735.062
2025-05-22 02:02:36,322:INFO: Best epoch 0, Best loss 100
2025-05-22 02:02:36,322:INFO: Saving model
2025-05-22 02:03:50,717:INFO: 158/200 (epoch 79), train_loss = 289717.812500000000, time/batch = 74.356430530548
2025-05-22 02:05:05,578:INFO: 159/200 (epoch 79), train_loss = 285612.718750000000, time/batch = 74.860579490662
2025-05-22 02:05:05,579:INFO: (epoch 79), loss = 287665.266
2025-05-22 02:05:05,579:INFO: Best epoch 0, Best loss 100
2025-05-22 02:05:05,579:INFO: Saving model
2025-05-22 02:06:17,928:INFO: 160/200 (epoch 80), train_loss = 285904.468750000000, time/batch = 72.309810876846
2025-05-22 02:07:29,455:INFO: 161/200 (epoch 80), train_loss = 286216.156250000000, time/batch = 71.524494647980
2025-05-22 02:07:29,455:INFO: (epoch 80), loss = 286060.312
2025-05-22 02:07:29,455:INFO: Best epoch 0, Best loss 100
2025-05-22 02:07:29,455:INFO: Saving model
2025-05-22 02:08:44,305:INFO: 162/200 (epoch 81), train_loss = 289831.843750000000, time/batch = 74.809841871262
2025-05-22 02:09:56,060:INFO: 163/200 (epoch 81), train_loss = 284849.156250000000, time/batch = 71.755487918854
2025-05-22 02:09:56,060:INFO: (epoch 81), loss = 287340.500
2025-05-22 02:09:56,060:INFO: Best epoch 0, Best loss 100
2025-05-22 02:09:56,061:INFO: Saving model
2025-05-22 02:11:10,413:INFO: 164/200 (epoch 82), train_loss = 287386.375000000000, time/batch = 74.311348676682
2025-05-22 02:12:23,269:INFO: 165/200 (epoch 82), train_loss = 289371.718750000000, time/batch = 72.856895208359
2025-05-22 02:12:23,269:INFO: (epoch 82), loss = 288379.047
2025-05-22 02:12:23,269:INFO: Best epoch 0, Best loss 100
2025-05-22 02:12:23,269:INFO: Saving model
2025-05-22 02:13:35,514:INFO: 166/200 (epoch 83), train_loss = 283152.531250000000, time/batch = 72.204799413681
2025-05-22 02:14:49,715:INFO: 167/200 (epoch 83), train_loss = 285416.375000000000, time/batch = 74.200584173203
2025-05-22 02:14:49,715:INFO: (epoch 83), loss = 284284.453
2025-05-22 02:14:49,715:INFO: Best epoch 0, Best loss 100
2025-05-22 02:14:49,716:INFO: Saving model
2025-05-22 02:16:02,271:INFO: 168/200 (epoch 84), train_loss = 281805.125000000000, time/batch = 72.513157129288
2025-05-22 02:17:14,110:INFO: 169/200 (epoch 84), train_loss = 286260.500000000000, time/batch = 71.839020252228
2025-05-22 02:17:14,110:INFO: (epoch 84), loss = 284032.812
2025-05-22 02:17:14,110:INFO: Best epoch 0, Best loss 100
2025-05-22 02:17:14,110:INFO: Saving model
2025-05-22 02:18:28,732:INFO: 170/200 (epoch 85), train_loss = 286211.625000000000, time/batch = 74.572613716125
2025-05-22 02:19:40,429:INFO: 171/200 (epoch 85), train_loss = 288868.312500000000, time/batch = 71.697069406509
2025-05-22 02:19:40,430:INFO: (epoch 85), loss = 287539.969
2025-05-22 02:19:40,430:INFO: Best epoch 0, Best loss 100
2025-05-22 02:19:40,430:INFO: Saving model
2025-05-22 02:20:54,490:INFO: 172/200 (epoch 86), train_loss = 282482.781250000000, time/batch = 74.020476341248
2025-05-22 02:22:06,562:INFO: 173/200 (epoch 86), train_loss = 284823.062500000000, time/batch = 72.071131467819
2025-05-22 02:22:06,563:INFO: (epoch 86), loss = 283652.922
2025-05-22 02:22:06,563:INFO: Best epoch 0, Best loss 100
2025-05-22 02:22:06,563:INFO: Saving model
2025-05-22 02:23:20,261:INFO: 174/200 (epoch 87), train_loss = 278150.906250000000, time/batch = 73.610648155212
2025-05-22 02:24:34,945:INFO: 175/200 (epoch 87), train_loss = 284877.062500000000, time/batch = 74.684411048889
2025-05-22 02:24:34,946:INFO: (epoch 87), loss = 281513.984
2025-05-22 02:24:34,946:INFO: Best epoch 0, Best loss 100
2025-05-22 02:24:34,946:INFO: Saving model
2025-05-22 02:25:47,692:INFO: 176/200 (epoch 88), train_loss = 288450.687500000000, time/batch = 72.703212738037
2025-05-22 02:27:02,274:INFO: 177/200 (epoch 88), train_loss = 284690.750000000000, time/batch = 74.581564903259
2025-05-22 02:27:02,274:INFO: (epoch 88), loss = 286570.719
2025-05-22 02:27:02,274:INFO: Best epoch 0, Best loss 100
2025-05-22 02:27:02,274:INFO: Saving model
2025-05-22 02:28:15,000:INFO: 178/200 (epoch 89), train_loss = 288905.250000000000, time/batch = 72.684319496155
2025-05-22 02:29:26,586:INFO: 179/200 (epoch 89), train_loss = 283426.031250000000, time/batch = 71.585282325745
2025-05-22 02:29:26,586:INFO: (epoch 89), loss = 286165.641
2025-05-22 02:29:26,586:INFO: Best epoch 0, Best loss 100
2025-05-22 02:29:26,586:INFO: Saving model
2025-05-22 02:30:41,668:INFO: 180/200 (epoch 90), train_loss = 290516.062500000000, time/batch = 74.997266292572
2025-05-22 02:31:56,507:INFO: 181/200 (epoch 90), train_loss = 285302.593750000000, time/batch = 74.839563369751
2025-05-22 02:31:56,508:INFO: (epoch 90), loss = 287909.328
2025-05-22 02:31:56,508:INFO: Best epoch 0, Best loss 100
2025-05-22 02:31:56,508:INFO: Saving model
2025-05-22 02:33:11,021:INFO: 182/200 (epoch 91), train_loss = 286279.093750000000, time/batch = 74.473942041397
2025-05-22 02:34:23,499:INFO: 183/200 (epoch 91), train_loss = 295740.468750000000, time/batch = 72.477495431900
2025-05-22 02:34:23,499:INFO: (epoch 91), loss = 291009.781
2025-05-22 02:34:23,499:INFO: Best epoch 0, Best loss 100
2025-05-22 02:34:23,499:INFO: Saving model
2025-05-22 02:35:36,156:INFO: 184/200 (epoch 92), train_loss = 292001.062500000000, time/batch = 72.616860151291
2025-05-22 02:36:50,001:INFO: 185/200 (epoch 92), train_loss = 296571.875000000000, time/batch = 73.845662117004
2025-05-22 02:36:50,001:INFO: (epoch 92), loss = 294286.469
2025-05-22 02:36:50,001:INFO: Best epoch 0, Best loss 100
2025-05-22 02:36:50,001:INFO: Saving model
2025-05-22 02:38:05,479:INFO: 186/200 (epoch 93), train_loss = 289381.968750000000, time/batch = 75.438052654266
2025-05-22 02:39:17,221:INFO: 187/200 (epoch 93), train_loss = 284707.562500000000, time/batch = 71.742043495178
2025-05-22 02:39:17,223:INFO: (epoch 93), loss = 287044.766
2025-05-22 02:39:17,223:INFO: Best epoch 0, Best loss 100
2025-05-22 02:39:17,223:INFO: Saving model
2025-05-22 02:40:29,835:INFO: 188/200 (epoch 94), train_loss = 280391.687500000000, time/batch = 72.573816537857
2025-05-22 02:41:42,379:INFO: 189/200 (epoch 94), train_loss = 285626.750000000000, time/batch = 72.541491746902
2025-05-22 02:41:42,379:INFO: (epoch 94), loss = 283009.219
2025-05-22 02:41:42,379:INFO: Best epoch 0, Best loss 100
2025-05-22 02:41:42,379:INFO: Saving model
2025-05-22 02:42:57,340:INFO: 190/200 (epoch 95), train_loss = 282787.312500000000, time/batch = 74.926368474960
2025-05-22 02:44:09,250:INFO: 191/200 (epoch 95), train_loss = 284459.125000000000, time/batch = 71.910484313965
2025-05-22 02:44:09,251:INFO: (epoch 95), loss = 283623.219
2025-05-22 02:44:09,251:INFO: Best epoch 0, Best loss 100
2025-05-22 02:44:09,251:INFO: Saving model
2025-05-22 02:45:24,263:INFO: 192/200 (epoch 96), train_loss = 285461.250000000000, time/batch = 74.977487087250
2025-05-22 02:46:36,209:INFO: 193/200 (epoch 96), train_loss = 281530.843750000000, time/batch = 71.944971561432
2025-05-22 02:46:36,209:INFO: (epoch 96), loss = 283496.047
2025-05-22 02:46:36,209:INFO: Best epoch 0, Best loss 100
2025-05-22 02:46:36,209:INFO: Saving model
2025-05-22 02:47:49,808:INFO: 194/200 (epoch 97), train_loss = 279170.906250000000, time/batch = 73.510695934296
2025-05-22 02:49:04,883:INFO: 195/200 (epoch 97), train_loss = 282012.562500000000, time/batch = 75.075443744659
2025-05-22 02:49:04,884:INFO: (epoch 97), loss = 280591.734
2025-05-22 02:49:04,884:INFO: Best epoch 0, Best loss 100
2025-05-22 02:49:04,884:INFO: Saving model
2025-05-22 02:50:17,423:INFO: 196/200 (epoch 98), train_loss = 286539.187500000000, time/batch = 72.501345396042
2025-05-22 02:51:29,709:INFO: 197/200 (epoch 98), train_loss = 285689.875000000000, time/batch = 72.286929845810
2025-05-22 02:51:29,709:INFO: (epoch 98), loss = 286114.531
2025-05-22 02:51:29,709:INFO: Best epoch 0, Best loss 100
2025-05-22 02:51:29,709:INFO: Saving model
2025-05-22 02:52:45,505:INFO: 198/200 (epoch 99), train_loss = 283416.218750000000, time/batch = 75.756664752960
2025-05-22 02:53:59,616:INFO: 199/200 (epoch 99), train_loss = 281220.156250000000, time/batch = 74.110748529434
2025-05-22 02:53:59,616:INFO: (epoch 99), loss = 282318.188
2025-05-22 02:53:59,616:INFO: Best epoch 0, Best loss 100
2025-05-22 02:53:59,617:INFO: Saving model
2025-05-22 02:53:59,664:INFO: Best epoch 0, Best loss 100
2025-05-22 15:26:13,233:INFO: Training begin
2025-05-22 15:27:30,007:INFO: 0/200 (epoch 0), train_loss = 286065.125000000000, time/batch = 76.772695064545
2025-05-22 15:28:58,446:INFO: 1/200 (epoch 0), train_loss = 278572.281250000000, time/batch = 88.438902139664
2025-05-22 15:28:58,446:INFO: (epoch 0), loss = 282318.703
2025-05-22 15:28:58,446:INFO: Best epoch 0, Best loss 100
2025-05-22 15:28:58,448:INFO: Saving model
2025-05-22 15:30:20,489:INFO: 2/200 (epoch 1), train_loss = 296731.656250000000, time/batch = 82.000331163406
2025-05-22 21:16:47,487:INFO: Training begin
2025-05-22 21:18:16,935:INFO: 0/200 (epoch 0), train_loss = 290060.125000000000, time/batch = 89.446521282196
2025-05-22 21:19:44,529:INFO: 1/200 (epoch 0), train_loss = 295442.593750000000, time/batch = 87.593472719193
2025-05-22 21:19:44,529:INFO: (epoch 0), loss = 292751.359
2025-05-22 21:19:44,529:INFO: Best epoch 0, Best loss 100
2025-05-22 21:19:44,530:INFO: Saving model
2025-05-22 21:21:13,726:INFO: 2/200 (epoch 1), train_loss = 293454.156250000000, time/batch = 89.151843547821
2025-05-22 21:22:43,761:INFO: 3/200 (epoch 1), train_loss = 296276.343750000000, time/batch = 90.034486532211
2025-05-22 21:22:43,762:INFO: (epoch 1), loss = 294865.250
2025-05-22 21:22:43,762:INFO: Best epoch 0, Best loss 100
2025-05-22 21:22:43,762:INFO: Saving model
2025-05-22 21:24:11,596:INFO: 4/200 (epoch 2), train_loss = 290679.562500000000, time/batch = 87.796990871429
2025-05-22 21:25:38,685:INFO: 5/200 (epoch 2), train_loss = 288572.375000000000, time/batch = 87.088774442673
2025-05-22 21:25:38,686:INFO: (epoch 2), loss = 289625.969
2025-05-22 21:25:38,686:INFO: Best epoch 0, Best loss 100
2025-05-22 21:25:38,686:INFO: Saving model
2025-05-22 21:31:42,802:INFO: Training begin
2025-05-22 21:33:26,770:INFO: Training begin
2025-05-22 21:34:53,015:INFO: 0/200 (epoch 0), train_loss = 289689.250000000000, time/batch = 86.245557069778
2025-05-22 21:36:20,742:INFO: 1/200 (epoch 0), train_loss = 296368.500000000000, time/batch = 87.726413249969
2025-05-22 21:36:20,742:INFO: (epoch 0), loss = 293028.875
2025-05-22 21:36:20,742:INFO: Best epoch 0, Best loss 100
2025-05-22 21:36:20,743:INFO: Saving model
2025-05-22 21:37:49,308:INFO: 2/200 (epoch 1), train_loss = 290901.468750000000, time/batch = 88.518353223801
2025-05-22 21:39:16,364:INFO: 3/200 (epoch 1), train_loss = 288746.937500000000, time/batch = 87.055947303772
2025-05-22 21:39:16,365:INFO: (epoch 1), loss = 289824.203
2025-05-22 21:39:16,365:INFO: Best epoch 0, Best loss 100
2025-05-22 21:39:16,365:INFO: Saving model
2025-05-22 21:40:46,458:INFO: 4/200 (epoch 2), train_loss = 281341.468750000000, time/batch = 90.050611019135
2025-05-22 21:42:21,318:INFO: 5/200 (epoch 2), train_loss = 290174.093750000000, time/batch = 94.859571695328
2025-05-22 21:42:21,318:INFO: (epoch 2), loss = 285757.781
2025-05-22 21:42:21,318:INFO: Best epoch 0, Best loss 100
2025-05-22 21:42:21,319:INFO: Saving model
2025-05-22 21:43:54,601:INFO: 6/200 (epoch 3), train_loss = 293947.093750000000, time/batch = 93.239062786102
2025-05-22 21:45:28,121:INFO: 7/200 (epoch 3), train_loss = 289470.625000000000, time/batch = 93.519710063934
2025-05-22 21:45:28,121:INFO: (epoch 3), loss = 291708.859
2025-05-22 21:45:28,121:INFO: Best epoch 0, Best loss 100
2025-05-22 21:45:28,122:INFO: Saving model
2025-05-22 21:46:58,046:INFO: 8/200 (epoch 4), train_loss = 288048.343750000000, time/batch = 89.879113435745
2025-05-22 21:48:27,826:INFO: 9/200 (epoch 4), train_loss = 287562.500000000000, time/batch = 89.780804395676
2025-05-22 21:48:27,826:INFO: (epoch 4), loss = 287805.422
2025-05-22 21:48:27,828:INFO: Best epoch 0, Best loss 100
2025-05-22 21:48:27,828:INFO: Saving model
2025-05-22 21:49:57,124:INFO: 10/200 (epoch 5), train_loss = 295755.750000000000, time/batch = 89.253880977631
2025-05-22 21:51:25,003:INFO: 11/200 (epoch 5), train_loss = 291760.781250000000, time/batch = 87.878998994827
2025-05-22 21:51:25,003:INFO: (epoch 5), loss = 293758.266
2025-05-22 21:51:25,003:INFO: Best epoch 0, Best loss 100
2025-05-22 21:51:25,005:INFO: Saving model
2025-05-22 21:52:52,096:INFO: 12/200 (epoch 6), train_loss = 291510.843750000000, time/batch = 87.051250457764
2025-05-22 21:54:19,057:INFO: 13/200 (epoch 6), train_loss = 293529.937500000000, time/batch = 86.960862159729
2025-05-22 21:54:19,057:INFO: (epoch 6), loss = 292520.391
2025-05-22 21:54:19,058:INFO: Best epoch 0, Best loss 100
2025-05-22 21:54:19,058:INFO: Saving model
2025-05-22 21:55:49,522:INFO: 14/200 (epoch 7), train_loss = 283072.843750000000, time/batch = 90.420302391052
2025-05-22 21:57:22,632:INFO: 15/200 (epoch 7), train_loss = 284830.156250000000, time/batch = 93.108880758286
2025-05-22 21:57:22,633:INFO: (epoch 7), loss = 283951.500
2025-05-22 21:57:22,633:INFO: Best epoch 0, Best loss 100
2025-05-22 21:57:22,635:INFO: Saving model
2025-05-22 21:58:54,937:INFO: 16/200 (epoch 8), train_loss = 291125.000000000000, time/batch = 92.256023645401
2025-05-22 22:00:22,234:INFO: 17/200 (epoch 8), train_loss = 290265.656250000000, time/batch = 87.297069072723
2025-05-22 22:00:22,234:INFO: (epoch 8), loss = 290695.328
2025-05-22 22:00:22,235:INFO: Best epoch 0, Best loss 100
2025-05-22 22:00:22,235:INFO: Saving model
2025-05-22 22:01:52,381:INFO: 18/200 (epoch 9), train_loss = 292913.406250000000, time/batch = 90.106065511703
2025-05-22 22:03:34,236:INFO: 19/200 (epoch 9), train_loss = 293648.468750000000, time/batch = 101.854915857315
2025-05-22 22:03:34,236:INFO: (epoch 9), loss = 293280.938
2025-05-22 22:03:34,236:INFO: Best epoch 0, Best loss 100
2025-05-22 22:03:34,237:INFO: Saving model
2025-05-22 22:05:30,158:INFO: Training begin
2025-05-22 22:07:01,849:INFO: 0/200 (epoch 0), train_loss = 450.988311767578, time/batch = 91.690831899643
2025-05-22 22:08:33,213:INFO: 1/200 (epoch 0), train_loss = 448.487030029297, time/batch = 91.361957311630
2025-05-22 22:08:33,213:INFO: (epoch 0), loss = 449.738
2025-05-22 22:08:33,213:INFO: Best epoch 0, Best loss 100
2025-05-22 22:08:33,214:INFO: Saving model
2025-05-22 22:10:05,826:INFO: 2/200 (epoch 1), train_loss = 455.464660644531, time/batch = 92.570801496506
2025-05-22 22:11:42,054:INFO: 3/200 (epoch 1), train_loss = 446.604827880859, time/batch = 96.227939605713
2025-05-22 22:11:42,054:INFO: (epoch 1), loss = 451.035
2025-05-22 22:11:42,056:INFO: Best epoch 0, Best loss 100
2025-05-22 22:11:42,056:INFO: Saving model
2025-05-22 22:13:17,402:INFO: 4/200 (epoch 2), train_loss = 458.440856933594, time/batch = 95.305528402328
2025-05-22 22:14:50,316:INFO: 5/200 (epoch 2), train_loss = 446.662261962891, time/batch = 92.913247108459
2025-05-22 22:14:50,316:INFO: (epoch 2), loss = 452.552
2025-05-22 22:14:50,316:INFO: Best epoch 0, Best loss 100
2025-05-22 22:14:50,316:INFO: Saving model
2025-05-22 22:16:27,041:INFO: 6/200 (epoch 3), train_loss = 451.582122802734, time/batch = 96.683040380478
2025-05-22 22:17:59,411:INFO: 7/200 (epoch 3), train_loss = 456.710266113281, time/batch = 92.370496511459
2025-05-22 22:17:59,411:INFO: (epoch 3), loss = 454.146
2025-05-22 22:17:59,411:INFO: Best epoch 0, Best loss 100
2025-05-22 22:17:59,411:INFO: Saving model
2025-05-22 22:19:35,523:INFO: 8/200 (epoch 4), train_loss = 458.834686279297, time/batch = 96.065681934357
2025-05-22 22:21:09,793:INFO: 9/200 (epoch 4), train_loss = 441.249633789062, time/batch = 94.269255161285
2025-05-22 22:21:09,793:INFO: (epoch 4), loss = 450.042
2025-05-22 22:21:09,793:INFO: Best epoch 0, Best loss 100
2025-05-22 22:21:09,793:INFO: Saving model
2025-05-22 22:22:39,566:INFO: 10/200 (epoch 5), train_loss = 453.499969482422, time/batch = 89.713964939117
2025-05-22 22:24:10,322:INFO: 11/200 (epoch 5), train_loss = 443.673492431641, time/batch = 90.756310462952
2025-05-22 22:24:10,322:INFO: (epoch 5), loss = 448.587
2025-05-22 22:24:10,322:INFO: Best epoch 0, Best loss 100
2025-05-22 22:24:10,324:INFO: Saving model
2025-05-22 22:25:40,675:INFO: 12/200 (epoch 6), train_loss = 455.115386962891, time/batch = 90.308949470520
2025-05-22 22:27:10,938:INFO: 13/200 (epoch 6), train_loss = 456.554016113281, time/batch = 90.261861801147
2025-05-22 22:27:10,938:INFO: (epoch 6), loss = 455.835
2025-05-22 22:27:10,938:INFO: Best epoch 0, Best loss 100
2025-05-22 22:27:10,939:INFO: Saving model
2025-05-22 22:29:05,897:INFO: 14/200 (epoch 7), train_loss = 447.329742431641, time/batch = 114.916945219040
2025-05-22 22:30:38,723:INFO: 15/200 (epoch 7), train_loss = 452.639038085938, time/batch = 92.825097799301
2025-05-22 22:30:38,723:INFO: (epoch 7), loss = 449.984
2025-05-22 22:30:38,723:INFO: Best epoch 0, Best loss 100
2025-05-22 22:30:38,724:INFO: Saving model
2025-05-22 22:32:11,204:INFO: 16/200 (epoch 8), train_loss = 451.688018798828, time/batch = 92.433998823166
2025-05-22 22:33:40,228:INFO: 17/200 (epoch 8), train_loss = 437.824279785156, time/batch = 89.023509740829
2025-05-22 22:33:40,228:INFO: (epoch 8), loss = 444.756
2025-05-22 22:33:40,228:INFO: Best epoch 0, Best loss 100
2025-05-22 22:33:40,228:INFO: Saving model
2025-05-22 22:35:12,640:INFO: 18/200 (epoch 9), train_loss = 457.804901123047, time/batch = 92.342318296432
2025-05-22 22:36:42,536:INFO: 19/200 (epoch 9), train_loss = 443.783966064453, time/batch = 89.894767045975
2025-05-22 22:36:42,537:INFO: (epoch 9), loss = 450.794
2025-05-22 22:36:42,537:INFO: Best epoch 0, Best loss 100
2025-05-22 22:36:42,537:INFO: Saving model
2025-05-22 22:38:28,978:INFO: 20/200 (epoch 10), train_loss = 453.485778808594, time/batch = 106.404739618301
2025-05-22 22:39:59,951:INFO: 21/200 (epoch 10), train_loss = 460.317657470703, time/batch = 90.973161220551
2025-05-22 22:39:59,951:INFO: (epoch 10), loss = 456.902
2025-05-22 22:39:59,951:INFO: Best epoch 0, Best loss 100
2025-05-22 22:39:59,952:INFO: Saving model
2025-05-22 22:41:26,112:INFO: 22/200 (epoch 11), train_loss = 455.002929687500, time/batch = 86.121911287308
2025-05-22 22:42:57,884:INFO: 23/200 (epoch 11), train_loss = 445.814941406250, time/batch = 91.770857095718
2025-05-22 22:42:57,884:INFO: (epoch 11), loss = 450.409
2025-05-22 22:42:57,885:INFO: Best epoch 0, Best loss 100
2025-05-22 22:42:57,885:INFO: Saving model
2025-05-22 23:04:07,177:INFO: Training begin
2025-05-22 23:16:19,153:INFO: Training begin
2025-05-22 23:17:50,607:INFO: 0/200 (epoch 0), train_loss = 444.471588134766, time/batch = 91.453819274902
2025-05-22 23:19:17,009:INFO: 1/200 (epoch 0), train_loss = 447.639648437500, time/batch = 86.402455329895
2025-05-22 23:19:17,009:INFO: (epoch 0), loss = 446.056
2025-05-22 23:19:17,009:INFO: Best epoch 0, Best loss 100
2025-05-22 23:19:17,010:INFO: Saving model
2025-05-22 23:20:44,853:INFO: 2/200 (epoch 1), train_loss = 446.563110351562, time/batch = 87.804691791534
2025-05-22 23:22:24,120:INFO: 3/200 (epoch 1), train_loss = 455.515380859375, time/batch = 99.265321731567
2025-05-22 23:22:24,120:INFO: (epoch 1), loss = 451.039
2025-05-22 23:22:24,120:INFO: Best epoch 0, Best loss 100
2025-05-22 23:22:24,120:INFO: Saving model
2025-05-22 23:23:55,395:INFO: 4/200 (epoch 2), train_loss = 444.618621826172, time/batch = 91.231189012527
2025-05-22 23:25:30,065:INFO: 5/200 (epoch 2), train_loss = 451.858734130859, time/batch = 94.661112546921
2025-05-22 23:25:30,065:INFO: (epoch 2), loss = 448.239
2025-05-22 23:25:30,065:INFO: Best epoch 0, Best loss 100
2025-05-22 23:25:30,066:INFO: Saving model
2025-05-22 23:27:05,779:INFO: 6/200 (epoch 3), train_loss = 446.218383789062, time/batch = 95.662831306458
2025-05-22 23:28:33,379:INFO: 7/200 (epoch 3), train_loss = 459.618011474609, time/batch = 87.600343465805
2025-05-22 23:28:33,380:INFO: (epoch 3), loss = 452.918
2025-05-22 23:28:33,380:INFO: Best epoch 0, Best loss 100
2025-05-22 23:28:33,380:INFO: Saving model
2025-05-22 23:30:02,014:INFO: 8/200 (epoch 4), train_loss = 458.929168701172, time/batch = 88.594864606857
2025-05-22 23:31:30,479:INFO: 9/200 (epoch 4), train_loss = 453.161773681641, time/batch = 88.464892625809
2025-05-22 23:31:30,480:INFO: (epoch 4), loss = 456.045
2025-05-22 23:31:30,480:INFO: Best epoch 0, Best loss 100
2025-05-22 23:31:30,480:INFO: Saving model
2025-05-22 23:32:58,914:INFO: 10/200 (epoch 5), train_loss = 457.612396240234, time/batch = 88.391869544983
2025-05-22 23:34:27,816:INFO: 11/200 (epoch 5), train_loss = 446.900085449219, time/batch = 88.902224540710
2025-05-22 23:34:27,818:INFO: (epoch 5), loss = 452.256
2025-05-22 23:34:27,843:INFO: Best epoch 0, Best loss 100
2025-05-22 23:34:27,844:INFO: Saving model
2025-05-22 23:35:59,464:INFO: 12/200 (epoch 6), train_loss = 452.607788085938, time/batch = 91.495217084885
2025-05-22 23:40:20,162:INFO: Training begin
2025-05-23 11:04:54,285:INFO: Training begin
2025-05-23 11:24:42,577:INFO: Training begin
2025-05-23 11:30:36,379:INFO: Training begin
2025-05-23 11:37:42,505:INFO: Training begin
2025-05-23 11:43:31,954:INFO: Training begin
2025-05-23 11:56:54,225:INFO: Training begin
2025-05-23 11:58:19,978:INFO: 0/200 (epoch 0), train_loss = 450.709136962891, time/batch = 85.750904560089
2025-05-23 12:24:38,282:INFO: Training begin
2025-05-23 12:26:05,820:INFO: 0/200 (epoch 0), train_loss = 441.885864257812, time/batch = 87.537854909897
2025-05-23 17:27:59,903:INFO: Training begin
2025-05-23 17:29:29,794:INFO: 0/200 (epoch 0), train_loss = 439.887786865234, time/batch = 89.889686107635
2025-05-23 17:30:58,038:INFO: 1/200 (epoch 0), train_loss = 446.296234130859, time/batch = 88.243411064148
2025-05-23 17:30:58,038:INFO: (epoch 0), loss = 443.092
2025-05-23 17:30:58,038:INFO: Best epoch 0, Best loss 100
2025-05-23 17:30:58,038:INFO: Saving model
2025-05-23 17:32:31,314:INFO: 2/200 (epoch 1), train_loss = 445.336822509766, time/batch = 93.234507322311
2025-05-23 17:34:02,921:INFO: 3/200 (epoch 1), train_loss = 449.664123535156, time/batch = 91.606740474701
2025-05-23 17:34:02,921:INFO: (epoch 1), loss = 447.500
2025-05-23 17:34:02,921:INFO: Best epoch 0, Best loss 100
2025-05-23 17:34:02,922:INFO: Saving model
2025-05-23 17:35:29,304:INFO: 4/200 (epoch 2), train_loss = 449.924468994141, time/batch = 86.344525337219
2025-05-23 17:36:52,057:INFO: 5/200 (epoch 2), train_loss = 460.402679443359, time/batch = 82.753204822540
2025-05-23 17:36:52,058:INFO: (epoch 2), loss = 455.164
2025-05-23 17:36:52,058:INFO: Best epoch 0, Best loss 100
2025-05-23 17:36:52,058:INFO: Saving model
2025-05-23 17:38:14,886:INFO: 6/200 (epoch 3), train_loss = 448.296600341797, time/batch = 82.792917490005
2025-05-23 17:39:36,687:INFO: 7/200 (epoch 3), train_loss = 442.175689697266, time/batch = 81.801581144333
2025-05-23 17:39:36,687:INFO: (epoch 3), loss = 445.236
2025-05-23 17:39:36,687:INFO: Best epoch 0, Best loss 100
2025-05-23 17:39:36,687:INFO: Saving model
2025-05-23 17:41:02,159:INFO: 8/200 (epoch 4), train_loss = 443.308380126953, time/batch = 85.436562776566
2025-05-23 17:42:27,380:INFO: 9/200 (epoch 4), train_loss = 454.438720703125, time/batch = 85.220568895340
2025-05-23 17:42:27,380:INFO: (epoch 4), loss = 448.874
2025-05-23 17:42:27,381:INFO: Best epoch 0, Best loss 100
2025-05-23 17:42:27,381:INFO: Saving model
2025-05-23 17:43:52,949:INFO: 10/200 (epoch 5), train_loss = 448.063140869141, time/batch = 85.530063867569
2025-05-23 17:45:18,046:INFO: 11/200 (epoch 5), train_loss = 441.584106445312, time/batch = 85.096786737442
2025-05-23 17:45:18,046:INFO: (epoch 5), loss = 444.824
2025-05-23 17:45:18,046:INFO: Best epoch 0, Best loss 100
2025-05-23 17:45:18,047:INFO: Saving model
2025-05-23 21:18:56,368:INFO: Training begin
2025-05-23 21:20:21,387:INFO: 0/200 (epoch 0), train_loss = 287659.000000000000, time/batch = 85.019296407700
2025-05-23 21:21:39,822:INFO: 1/200 (epoch 0), train_loss = 284029.875000000000, time/batch = 78.433787107468
2025-05-23 21:21:39,823:INFO: (epoch 0), loss = 285844.438
2025-05-23 21:21:39,823:INFO: Best epoch 0, Best loss 100
2025-05-23 21:21:39,823:INFO: Saving model
2025-05-23 21:22:53,797:INFO: 2/200 (epoch 1), train_loss = 292237.781250000000, time/batch = 73.936660289764
2025-05-23 21:33:51,391:INFO: Training begin
2025-05-23 22:20:42,312:INFO: Training begin
2025-05-23 22:32:46,555:INFO: Training begin
2025-05-23 22:47:33,428:INFO: Training begin
2025-05-23 23:01:35,215:INFO: Training begin
2025-05-23 23:04:08,843:INFO: Training begin
2025-05-23 23:05:57,770:INFO: Training begin
2025-05-23 23:06:59,430:INFO: 0/200 (epoch 0), train_loss = 310571.562500000000, time/batch = 61.659153938293
2025-05-23 23:07:55,840:INFO: 1/200 (epoch 0), train_loss = 248832.421875000000, time/batch = 56.409299135208
2025-05-23 23:07:55,840:INFO: (epoch 0), loss = 279701.992
2025-05-23 23:07:55,840:INFO: Best epoch 0, Best loss 100
2025-05-23 23:07:55,840:INFO: Saving model
2025-05-23 23:08:53,636:INFO: 2/200 (epoch 1), train_loss = 310632.125000000000, time/batch = 57.759948253632
2025-05-24 11:16:41,985:INFO: Training begin
2025-05-24 11:43:31,458:INFO: Training begin
2025-05-24 11:45:09,909:INFO: 0/200 (epoch 0), train_loss = 291820.375000000000, time/batch = 98.451119184494
2025-05-24 11:46:02,161:INFO: Training begin
2025-05-24 12:07:49,281:INFO: Training begin
2025-05-24 12:11:04,859:INFO: Training begin
2025-05-24 12:40:08,809:INFO: Training begin
2025-05-24 16:06:48,431:INFO: Training begin
2025-05-24 16:08:42,925:INFO: Training begin
2025-05-24 16:14:31,226:INFO: Training begin
2025-05-24 16:15:26,096:INFO: 0/200 (epoch 0), train_loss = 298141.000000000000, time/batch = 54.869275569916
2025-05-24 16:16:18,344:INFO: 1/200 (epoch 0), train_loss = 280407.531250000000, time/batch = 52.248134136200
2025-05-24 16:16:18,345:INFO: (epoch 0), loss = 289274.266
2025-05-24 16:16:18,345:INFO: Best epoch 0, Best loss 100
2025-05-24 16:16:18,345:INFO: Saving model
2025-05-24 16:17:14,143:INFO: 2/200 (epoch 1), train_loss = 252809.234375000000, time/batch = 55.765986919403
2025-05-24 16:18:06,493:INFO: 3/200 (epoch 1), train_loss = 287863.187500000000, time/batch = 52.350724220276
2025-05-24 16:18:06,493:INFO: (epoch 1), loss = 270336.211
2025-05-24 16:18:06,493:INFO: Best epoch 0, Best loss 100
2025-05-24 16:18:06,494:INFO: Saving model
2025-05-24 16:18:59,430:INFO: 4/200 (epoch 2), train_loss = 323778.000000000000, time/batch = 52.912615299225
2025-05-24 16:19:52,674:INFO: 5/200 (epoch 2), train_loss = 272241.375000000000, time/batch = 53.243926048279
2025-05-24 16:19:52,674:INFO: (epoch 2), loss = 298009.688
2025-05-24 16:19:52,674:INFO: Best epoch 0, Best loss 100
2025-05-24 16:19:52,674:INFO: Saving model
2025-05-24 16:20:48,423:INFO: 6/200 (epoch 3), train_loss = 239055.031250000000, time/batch = 55.725058078766
2025-05-24 16:21:41,530:INFO: 7/200 (epoch 3), train_loss = 264151.375000000000, time/batch = 53.107680082321
2025-05-24 16:21:41,532:INFO: (epoch 3), loss = 251603.203
2025-05-24 16:21:41,532:INFO: Best epoch 0, Best loss 100
2025-05-24 16:21:41,532:INFO: Saving model
2025-05-24 16:22:34,214:INFO: 8/200 (epoch 4), train_loss = 330592.718750000000, time/batch = 52.651966571808
2025-05-24 16:23:27,552:INFO: 9/200 (epoch 4), train_loss = 285768.312500000000, time/batch = 53.337114810944
2025-05-24 16:23:27,552:INFO: (epoch 4), loss = 308180.516
2025-05-24 16:23:27,552:INFO: Best epoch 0, Best loss 100
2025-05-24 16:23:27,552:INFO: Saving model
2025-05-24 16:24:23,969:INFO: 10/200 (epoch 5), train_loss = 278280.500000000000, time/batch = 56.390816688538
2025-05-24 16:25:20,267:INFO: 11/200 (epoch 5), train_loss = 270758.781250000000, time/batch = 56.297610998154
2025-05-24 16:25:20,267:INFO: (epoch 5), loss = 274519.641
2025-05-24 16:25:20,267:INFO: Best epoch 0, Best loss 100
2025-05-24 16:25:20,267:INFO: Saving model
2025-05-24 16:26:17,403:INFO: 12/200 (epoch 6), train_loss = 264400.718750000000, time/batch = 57.109120845795
2025-05-24 16:27:15,744:INFO: 13/200 (epoch 6), train_loss = 269028.375000000000, time/batch = 58.341543912888
2025-05-24 16:27:15,744:INFO: (epoch 6), loss = 266714.547
2025-05-24 16:27:15,744:INFO: Best epoch 0, Best loss 100
2025-05-24 16:27:15,744:INFO: Saving model
2025-05-24 16:28:08,795:INFO: 14/200 (epoch 7), train_loss = 307484.250000000000, time/batch = 53.024051904678
2025-05-24 16:29:05,806:INFO: 15/200 (epoch 7), train_loss = 293441.781250000000, time/batch = 57.011441230774
2025-05-24 16:29:05,806:INFO: (epoch 7), loss = 300463.016
2025-05-24 16:29:05,806:INFO: Best epoch 0, Best loss 100
2025-05-24 16:29:05,806:INFO: Saving model
2025-05-24 16:30:29,918:INFO: Training begin
2025-05-24 16:31:23,468:INFO: 0/200 (epoch 0), train_loss = 275651.656250000000, time/batch = 53.549112319946
2025-05-24 16:32:16,553:INFO: 1/200 (epoch 0), train_loss = 392032.812500000000, time/batch = 53.085631608963
2025-05-24 16:32:16,553:INFO: (epoch 0), loss = 333842.234
2025-05-24 16:32:16,553:INFO: Best epoch 0, Best loss 100
2025-05-24 16:32:16,553:INFO: Saving model
2025-05-24 16:33:09,627:INFO: 2/200 (epoch 1), train_loss = 306460.437500000000, time/batch = 53.043555021286
2025-05-24 16:34:07,253:INFO: 3/200 (epoch 1), train_loss = 316843.812500000000, time/batch = 57.626680374146
2025-05-24 16:34:07,253:INFO: (epoch 1), loss = 311652.125
2025-05-24 16:34:07,254:INFO: Best epoch 0, Best loss 100
2025-05-24 16:34:07,254:INFO: Saving model
2025-05-24 16:35:00,352:INFO: 4/200 (epoch 2), train_loss = 300297.812500000000, time/batch = 53.066392898560
2025-05-24 16:35:52,848:INFO: 5/200 (epoch 2), train_loss = 295709.875000000000, time/batch = 52.495416164398
2025-05-24 16:35:52,848:INFO: (epoch 2), loss = 298003.844
2025-05-24 16:35:52,848:INFO: Best epoch 0, Best loss 100
2025-05-24 16:35:52,849:INFO: Saving model
2025-05-24 16:36:47,418:INFO: 6/200 (epoch 3), train_loss = 297252.937500000000, time/batch = 54.540896892548
2025-05-24 16:37:40,800:INFO: 7/200 (epoch 3), train_loss = 313355.906250000000, time/batch = 53.382078886032
2025-05-24 16:37:40,800:INFO: (epoch 3), loss = 305304.422
2025-05-24 16:37:40,801:INFO: Best epoch 0, Best loss 100
2025-05-24 16:37:40,801:INFO: Saving model
2025-05-24 16:38:35,607:INFO: 8/200 (epoch 4), train_loss = 262459.281250000000, time/batch = 54.782162666321
2025-05-24 16:39:30,678:INFO: 9/200 (epoch 4), train_loss = 254189.703125000000, time/batch = 55.070324897766
2025-05-24 16:39:30,678:INFO: (epoch 4), loss = 258324.492
2025-05-24 16:39:30,678:INFO: Best epoch 0, Best loss 100
2025-05-24 16:39:30,678:INFO: Saving model
2025-05-24 16:40:25,851:INFO: 10/200 (epoch 5), train_loss = 309089.093750000000, time/batch = 55.146163702011
2025-05-24 16:41:18,494:INFO: 11/200 (epoch 5), train_loss = 282696.843750000000, time/batch = 52.642796516418
2025-05-24 16:41:18,496:INFO: (epoch 5), loss = 295892.969
2025-05-24 16:41:18,496:INFO: Best epoch 0, Best loss 100
2025-05-24 16:41:18,496:INFO: Saving model
2025-05-24 16:42:14,743:INFO: 12/200 (epoch 6), train_loss = 286515.250000000000, time/batch = 56.212712526321
2025-05-24 16:43:11,290:INFO: 13/200 (epoch 6), train_loss = 291554.750000000000, time/batch = 56.547781944275
2025-05-24 16:43:11,291:INFO: (epoch 6), loss = 289035.000
2025-05-24 16:43:11,291:INFO: Best epoch 0, Best loss 100
2025-05-24 16:43:11,291:INFO: Saving model
2025-05-24 16:44:42,731:INFO: Training begin
2025-05-24 16:45:39,989:INFO: 0/200 (epoch 0), train_loss = 303123.375000000000, time/batch = 57.257354497910
2025-05-24 16:46:34,568:INFO: 1/200 (epoch 0), train_loss = 304328.093750000000, time/batch = 54.577951908112
2025-05-24 16:46:34,568:INFO: (epoch 0), loss = 303725.734
2025-05-24 16:46:34,570:INFO: Best epoch 0, Best loss 100
2025-05-24 16:46:34,570:INFO: Saving model
2025-05-24 16:47:29,978:INFO: 2/200 (epoch 1), train_loss = 320656.093750000000, time/batch = 55.382958650589
2025-05-24 16:48:24,787:INFO: 3/200 (epoch 1), train_loss = 312510.062500000000, time/batch = 54.808275938034
2025-05-24 16:48:24,787:INFO: (epoch 1), loss = 316583.078
2025-05-24 16:48:24,787:INFO: Best epoch 0, Best loss 100
2025-05-24 16:48:24,788:INFO: Saving model
2025-05-24 16:50:15,637:INFO: Training begin
2025-05-24 17:03:30,390:INFO: Training begin
2025-05-24 17:04:21,146:INFO: 0/600 (epoch 0), train_loss = 24566.662109375000, time/batch = 50.755330801010
2025-05-24 17:05:07,809:INFO: 1/600 (epoch 0), train_loss = 19248.912109375000, time/batch = 46.662931680679
2025-05-24 17:05:57,167:INFO: 2/600 (epoch 0), train_loss = 20110.855468750000, time/batch = 49.358209848404
2025-05-24 17:06:50,019:INFO: 3/600 (epoch 0), train_loss = 18238.839843750000, time/batch = 52.850662231445
2025-05-24 17:07:38,031:INFO: 4/600 (epoch 0), train_loss = 21873.478515625000, time/batch = 48.011756896973
2025-05-24 17:08:28,470:INFO: 5/600 (epoch 0), train_loss = 24741.027343750000, time/batch = 50.437762975693
2025-05-24 17:08:28,486:INFO: (epoch 0), loss = 21463.296
2025-05-24 17:08:28,486:INFO: Best epoch 0, Best loss 100
2025-05-24 17:08:28,486:INFO: Saving model
2025-05-24 17:09:21,480:INFO: 6/600 (epoch 1), train_loss = 23695.466796875000, time/batch = 52.964563369751
2025-05-24 17:10:07,241:INFO: 7/600 (epoch 1), train_loss = 18599.410156250000, time/batch = 45.761017799377
2025-05-24 17:10:56,852:INFO: 8/600 (epoch 1), train_loss = 19277.042968750000, time/batch = 49.611124038696
2025-05-24 17:11:49,968:INFO: 9/600 (epoch 1), train_loss = 17689.341796875000, time/batch = 53.115579128265
2025-05-24 17:12:36,128:INFO: 10/600 (epoch 1), train_loss = 17312.222656250000, time/batch = 46.159851551056
2025-05-24 17:13:28,974:INFO: 11/600 (epoch 1), train_loss = 18643.826171875000, time/batch = 52.845411300659
2025-05-24 17:13:28,974:INFO: (epoch 1), loss = 19202.885
2025-05-24 17:13:28,975:INFO: Best epoch 0, Best loss 100
2025-05-24 17:13:28,975:INFO: Saving model
2025-05-24 17:14:27,191:INFO: 12/600 (epoch 2), train_loss = 19679.621093750000, time/batch = 58.110203742981
2025-05-24 17:15:21,458:INFO: 13/600 (epoch 2), train_loss = 19112.585937500000, time/batch = 54.266402482986
2025-05-24 17:16:13,487:INFO: 14/600 (epoch 2), train_loss = 23709.921875000000, time/batch = 52.029234170914
2025-05-24 17:17:20,391:INFO: 15/600 (epoch 2), train_loss = 20561.619140625000, time/batch = 66.902958393097
2025-05-24 17:18:10,610:INFO: 16/600 (epoch 2), train_loss = 20220.736328125000, time/batch = 50.218363523483
2025-05-24 17:19:04,852:INFO: 17/600 (epoch 2), train_loss = 17812.828125000000, time/batch = 54.241506099701
2025-05-24 17:19:04,854:INFO: (epoch 2), loss = 20182.885
2025-05-24 17:19:04,854:INFO: Best epoch 0, Best loss 100
2025-05-24 17:19:04,855:INFO: Saving model
2025-05-24 17:20:03,117:INFO: 18/600 (epoch 3), train_loss = 24119.796875000000, time/batch = 58.207933425903
2025-05-24 17:20:52,999:INFO: 19/600 (epoch 3), train_loss = 18449.486328125000, time/batch = 49.881366729736
2025-05-24 17:21:41,386:INFO: 20/600 (epoch 3), train_loss = 19767.513671875000, time/batch = 48.387125968933
2025-05-24 17:22:40,703:INFO: 21/600 (epoch 3), train_loss = 21272.333984375000, time/batch = 59.316226005554
2025-05-24 17:23:47,728:INFO: 22/600 (epoch 3), train_loss = 21874.697265625000, time/batch = 67.022632598877
2025-05-24 17:24:35,813:INFO: 23/600 (epoch 3), train_loss = 21893.460937500000, time/batch = 48.085573911667
2025-05-24 17:24:35,813:INFO: (epoch 3), loss = 21229.548
2025-05-24 17:24:35,813:INFO: Best epoch 0, Best loss 100
2025-05-24 17:24:35,813:INFO: Saving model
2025-05-24 17:25:27,978:INFO: 24/600 (epoch 4), train_loss = 16928.271484375000, time/batch = 52.137968778610
2025-05-24 17:26:20,132:INFO: 25/600 (epoch 4), train_loss = 16732.652343750000, time/batch = 52.153229951859
2025-05-24 17:27:16,913:INFO: 26/600 (epoch 4), train_loss = 26527.144531250000, time/batch = 56.780707359314
2025-05-24 17:28:19,772:INFO: 27/600 (epoch 4), train_loss = 23361.875000000000, time/batch = 62.858905315399
2025-05-24 17:29:56,345:INFO: 28/600 (epoch 4), train_loss = 21400.066406250000, time/batch = 96.572856426239
2025-05-24 17:31:27,995:INFO: 29/600 (epoch 4), train_loss = 14562.274414062500, time/batch = 91.649393320084
2025-05-24 17:31:27,995:INFO: (epoch 4), loss = 19918.714
2025-05-24 17:31:27,995:INFO: Best epoch 0, Best loss 100
2025-05-24 17:31:27,996:INFO: Saving model
2025-05-24 17:33:00,044:INFO: 30/600 (epoch 5), train_loss = 21047.708984375000, time/batch = 92.001633405685
2025-05-24 17:33:51,593:INFO: 31/600 (epoch 5), train_loss = 19596.041015625000, time/batch = 51.548021078110
2025-05-24 17:34:39,970:INFO: 32/600 (epoch 5), train_loss = 17273.533203125000, time/batch = 48.377101182938
2025-05-24 17:35:29,668:INFO: 33/600 (epoch 5), train_loss = 16342.249023437500, time/batch = 49.697140216827
2025-05-24 17:36:17,340:INFO: 34/600 (epoch 5), train_loss = 17134.814453125000, time/batch = 47.671434402466
2025-05-24 17:37:06,460:INFO: 35/600 (epoch 5), train_loss = 19372.048828125000, time/batch = 49.119547367096
2025-05-24 17:37:06,460:INFO: (epoch 5), loss = 18461.066
2025-05-24 17:37:06,460:INFO: Best epoch 0, Best loss 100
2025-05-24 17:37:06,460:INFO: Saving model
2025-05-24 17:37:58,539:INFO: 36/600 (epoch 6), train_loss = 20290.656250000000, time/batch = 52.052627086639
2025-05-24 17:38:45,531:INFO: 37/600 (epoch 6), train_loss = 18004.294921875000, time/batch = 46.991395950317
2025-05-24 17:39:33,751:INFO: 38/600 (epoch 6), train_loss = 19793.943359375000, time/batch = 48.219983577728
2025-05-24 17:40:41,760:INFO: 39/600 (epoch 6), train_loss = 19259.796875000000, time/batch = 68.007759332657
2025-05-24 17:41:45,208:INFO: 40/600 (epoch 6), train_loss = 19048.003906250000, time/batch = 63.447838306427
2025-05-24 17:42:34,718:INFO: 41/600 (epoch 6), train_loss = 19133.417968750000, time/batch = 49.509393930435
2025-05-24 17:42:34,718:INFO: (epoch 6), loss = 19255.019
2025-05-24 17:42:34,718:INFO: Best epoch 0, Best loss 100
2025-05-24 17:42:34,719:INFO: Saving model
2025-05-24 17:43:23,324:INFO: 42/600 (epoch 7), train_loss = 18372.044921875000, time/batch = 48.576462507248
2025-05-24 17:44:09,413:INFO: 43/600 (epoch 7), train_loss = 20309.697265625000, time/batch = 46.088967800140
2025-05-24 17:45:03,111:INFO: 44/600 (epoch 7), train_loss = 20631.236328125000, time/batch = 53.696766614914
2025-05-24 17:45:56,763:INFO: 45/600 (epoch 7), train_loss = 24479.791015625000, time/batch = 53.651685953140
2025-05-24 17:46:49,918:INFO: 46/600 (epoch 7), train_loss = 19812.703125000000, time/batch = 53.155810832977
2025-05-24 17:47:41,834:INFO: 47/600 (epoch 7), train_loss = 21717.148437500000, time/batch = 51.914769649506
2025-05-24 17:47:41,834:INFO: (epoch 7), loss = 20887.104
2025-05-24 17:47:41,834:INFO: Best epoch 0, Best loss 100
2025-05-24 17:47:41,834:INFO: Saving model
2025-05-24 17:48:40,327:INFO: 48/600 (epoch 8), train_loss = 23382.433593750000, time/batch = 58.459567785263
2025-05-24 17:49:30,741:INFO: 49/600 (epoch 8), train_loss = 20915.265625000000, time/batch = 50.413963556290
2025-05-24 17:50:18,859:INFO: 50/600 (epoch 8), train_loss = 17700.263671875000, time/batch = 48.116811990738
2025-05-24 17:51:14,971:INFO: 51/600 (epoch 8), train_loss = 18560.046875000000, time/batch = 56.110726118088
2025-05-24 17:52:02,773:INFO: 52/600 (epoch 8), train_loss = 18953.095703125000, time/batch = 47.801397800446
2025-05-24 17:52:46,417:INFO: 53/600 (epoch 8), train_loss = 21228.730468750000, time/batch = 43.644638776779
2025-05-24 17:52:46,417:INFO: (epoch 8), loss = 20123.306
2025-05-24 17:52:46,418:INFO: Best epoch 0, Best loss 100
2025-05-24 17:52:46,418:INFO: Saving model
2025-05-24 17:53:32,072:INFO: 54/600 (epoch 9), train_loss = 25571.054687500000, time/batch = 45.582955121994
2025-05-24 17:54:16,765:INFO: 55/600 (epoch 9), train_loss = 20232.701171875000, time/batch = 44.692954063416
2025-05-24 17:55:02,632:INFO: 56/600 (epoch 9), train_loss = 24059.552734375000, time/batch = 45.866418600082
2025-05-24 17:55:50,049:INFO: 57/600 (epoch 9), train_loss = 18619.023437500000, time/batch = 47.417780399323
2025-05-24 17:56:33,956:INFO: 58/600 (epoch 9), train_loss = 20166.855468750000, time/batch = 43.907066822052
2025-05-24 17:57:16,916:INFO: 59/600 (epoch 9), train_loss = 15785.332031250000, time/batch = 42.959818840027
2025-05-24 17:57:16,917:INFO: (epoch 9), loss = 20739.087
2025-05-24 17:57:16,917:INFO: Best epoch 0, Best loss 100
2025-05-24 17:57:16,917:INFO: Saving model
2025-05-24 17:58:04,911:INFO: 60/600 (epoch 10), train_loss = 20345.757812500000, time/batch = 47.971388101578
2025-05-24 17:58:48,559:INFO: 61/600 (epoch 10), train_loss = 17498.675781250000, time/batch = 43.647211313248
2025-05-24 17:59:34,582:INFO: 62/600 (epoch 10), train_loss = 23527.535156250000, time/batch = 46.023204088211
2025-05-24 18:00:22,742:INFO: 63/600 (epoch 10), train_loss = 17701.388671875000, time/batch = 48.158825874329
2025-05-24 18:01:06,897:INFO: 64/600 (epoch 10), train_loss = 19632.724609375000, time/batch = 44.154081344604
2025-05-24 18:01:52,619:INFO: 65/600 (epoch 10), train_loss = 19771.601562500000, time/batch = 45.722037792206
2025-05-24 18:01:52,619:INFO: (epoch 10), loss = 19746.281
2025-05-24 18:01:52,619:INFO: Best epoch 0, Best loss 100
2025-05-24 18:01:52,619:INFO: Saving model
2025-05-24 18:02:39,098:INFO: 66/600 (epoch 11), train_loss = 23129.265625000000, time/batch = 46.453819751740
2025-05-24 18:03:22,029:INFO: 67/600 (epoch 11), train_loss = 21317.619140625000, time/batch = 42.931257009506
2025-05-24 18:04:06,271:INFO: 68/600 (epoch 11), train_loss = 18543.966796875000, time/batch = 44.239785432816
2025-05-24 18:04:53,849:INFO: 69/600 (epoch 11), train_loss = 16885.593750000000, time/batch = 47.577999830246
2025-05-24 18:05:39,496:INFO: 70/600 (epoch 11), train_loss = 21798.263671875000, time/batch = 45.646335124969
2025-05-24 18:06:26,356:INFO: 71/600 (epoch 11), train_loss = 19849.501953125000, time/batch = 46.859767198563
2025-05-24 18:06:26,356:INFO: (epoch 11), loss = 20254.035
2025-05-24 18:06:26,356:INFO: Best epoch 0, Best loss 100
2025-05-24 18:06:26,356:INFO: Saving model
2025-05-24 18:07:11,862:INFO: 72/600 (epoch 12), train_loss = 17870.546875000000, time/batch = 45.478069067001
2025-05-24 18:07:54,038:INFO: 73/600 (epoch 12), train_loss = 14497.318359375000, time/batch = 42.176457166672
2025-05-24 18:08:37,209:INFO: 74/600 (epoch 12), train_loss = 19054.746093750000, time/batch = 43.169864177704
2025-05-24 18:09:22,438:INFO: 75/600 (epoch 12), train_loss = 15687.404296875000, time/batch = 45.228399991989
2025-05-24 18:10:07,351:INFO: 76/600 (epoch 12), train_loss = 14258.340820312500, time/batch = 44.912469387054
2025-05-24 18:10:50,943:INFO: 77/600 (epoch 12), train_loss = 20976.986328125000, time/batch = 43.592132568359
2025-05-24 18:10:50,943:INFO: (epoch 12), loss = 17057.557
2025-05-24 18:10:50,943:INFO: Best epoch 0, Best loss 100
2025-05-24 18:10:50,944:INFO: Saving model
2025-05-24 18:11:38,987:INFO: 78/600 (epoch 13), train_loss = 16885.125000000000, time/batch = 48.015751838684
2025-05-24 18:12:21,284:INFO: 79/600 (epoch 13), train_loss = 17511.281250000000, time/batch = 42.297100782394
2025-05-24 18:13:06,883:INFO: 80/600 (epoch 13), train_loss = 18100.609375000000, time/batch = 45.598375082016
2025-05-24 18:13:51,930:INFO: 81/600 (epoch 13), train_loss = 18566.296875000000, time/batch = 45.047470808029
2025-05-24 18:14:34,657:INFO: 82/600 (epoch 13), train_loss = 21123.423828125000, time/batch = 42.726774454117
2025-05-24 18:15:17,816:INFO: 83/600 (epoch 13), train_loss = 15048.435546875000, time/batch = 43.159147262573
2025-05-24 18:15:17,816:INFO: (epoch 13), loss = 17872.529
2025-05-24 18:15:17,816:INFO: Best epoch 0, Best loss 100
2025-05-24 18:15:17,816:INFO: Saving model
2025-05-24 18:16:02,856:INFO: 84/600 (epoch 14), train_loss = 17796.072265625000, time/batch = 45.013210058212
2025-05-24 18:16:46,746:INFO: 85/600 (epoch 14), train_loss = 22908.257812500000, time/batch = 43.890639543533
2025-05-24 18:17:31,451:INFO: 86/600 (epoch 14), train_loss = 17284.308593750000, time/batch = 44.704939365387
2025-05-24 18:18:17,636:INFO: 87/600 (epoch 14), train_loss = 16434.953125000000, time/batch = 46.184347152710
2025-05-24 18:18:58,578:INFO: 88/600 (epoch 14), train_loss = 16699.277343750000, time/batch = 40.941550970078
2025-05-24 18:19:40,386:INFO: 89/600 (epoch 14), train_loss = 20392.685546875000, time/batch = 41.807358026505
2025-05-24 18:19:40,386:INFO: (epoch 14), loss = 18585.926
2025-05-24 18:19:40,386:INFO: Best epoch 0, Best loss 100
2025-05-24 18:19:40,386:INFO: Saving model
2025-05-24 18:20:24,415:INFO: 90/600 (epoch 15), train_loss = 19434.369140625000, time/batch = 44.001920700073
2025-05-24 18:21:05,486:INFO: 91/600 (epoch 15), train_loss = 14244.456054687500, time/batch = 41.070897102356
2025-05-24 18:21:49,652:INFO: 92/600 (epoch 15), train_loss = 16944.853515625000, time/batch = 44.164848089218
2025-05-24 18:22:35,884:INFO: 93/600 (epoch 15), train_loss = 19728.671875000000, time/batch = 46.231237173080
2025-05-24 18:23:16,761:INFO: 94/600 (epoch 15), train_loss = 15722.457031250000, time/batch = 40.876455545425
2025-05-24 18:24:01,052:INFO: 95/600 (epoch 15), train_loss = 18147.855468750000, time/batch = 44.290993690491
2025-05-24 18:24:01,053:INFO: (epoch 15), loss = 17370.444
2025-05-24 18:24:01,053:INFO: Best epoch 0, Best loss 100
2025-05-24 18:24:01,053:INFO: Saving model
2025-05-24 18:24:47,200:INFO: 96/600 (epoch 16), train_loss = 21115.183593750000, time/batch = 46.122753858566
2025-05-24 18:25:30,595:INFO: 97/600 (epoch 16), train_loss = 18558.777343750000, time/batch = 43.395004272461
2025-05-24 18:26:12,279:INFO: 98/600 (epoch 16), train_loss = 16993.359375000000, time/batch = 41.683197975159
2025-05-24 18:26:57,045:INFO: 99/600 (epoch 16), train_loss = 14021.309570312500, time/batch = 44.766639947891
2025-05-24 18:27:37,769:INFO: 100/600 (epoch 16), train_loss = 19717.400390625000, time/batch = 40.722846508026
2025-05-24 18:28:19,585:INFO: 101/600 (epoch 16), train_loss = 14127.529296875000, time/batch = 41.815532445908
2025-05-24 18:28:19,585:INFO: (epoch 16), loss = 17422.260
2025-05-24 18:28:19,586:INFO: Best epoch 0, Best loss 100
2025-05-24 18:28:19,586:INFO: Saving model
2025-05-24 18:29:03,822:INFO: 102/600 (epoch 17), train_loss = 20081.414062500000, time/batch = 44.207474708557
2025-05-24 18:29:46,820:INFO: 103/600 (epoch 17), train_loss = 18494.056640625000, time/batch = 42.998095035553
2025-05-24 18:30:28,526:INFO: 104/600 (epoch 17), train_loss = 12358.068359375000, time/batch = 41.704732894897
2025-05-24 18:31:12,511:INFO: 105/600 (epoch 17), train_loss = 21130.058593750000, time/batch = 43.984661579132
2025-05-24 18:31:56,621:INFO: 106/600 (epoch 17), train_loss = 11677.506835937500, time/batch = 44.110397338867
2025-05-24 18:32:40,043:INFO: 107/600 (epoch 17), train_loss = 22530.880859375000, time/batch = 43.421051025391
2025-05-24 18:32:40,045:INFO: (epoch 17), loss = 17711.998
2025-05-24 18:32:40,045:INFO: Best epoch 0, Best loss 100
2025-05-24 18:32:40,045:INFO: Saving model
2025-05-24 18:33:24,020:INFO: 108/600 (epoch 18), train_loss = 18990.003906250000, time/batch = 43.948571920395
2025-05-24 18:34:04,665:INFO: 109/600 (epoch 18), train_loss = 20028.240234375000, time/batch = 40.645243167877
2025-05-24 18:34:46,094:INFO: 110/600 (epoch 18), train_loss = 17829.025390625000, time/batch = 41.428308486938
2025-05-24 18:35:29,753:INFO: 111/600 (epoch 18), train_loss = 17710.175781250000, time/batch = 43.657135963440
2025-05-24 18:36:13,288:INFO: 112/600 (epoch 18), train_loss = 20512.515625000000, time/batch = 43.535643100739
2025-05-24 18:36:57,109:INFO: 113/600 (epoch 18), train_loss = 20942.722656250000, time/batch = 43.820783615112
2025-05-24 18:36:57,110:INFO: (epoch 18), loss = 19335.447
2025-05-24 18:36:57,110:INFO: Best epoch 0, Best loss 100
2025-05-24 18:36:57,110:INFO: Saving model
2025-05-24 18:37:43,657:INFO: 114/600 (epoch 19), train_loss = 21862.164062500000, time/batch = 46.522338867188
2025-05-24 18:38:24,576:INFO: 115/600 (epoch 19), train_loss = 17787.746093750000, time/batch = 40.919749498367
2025-05-24 18:39:06,459:INFO: 116/600 (epoch 19), train_loss = 20134.314453125000, time/batch = 41.882176876068
2025-05-24 18:39:50,945:INFO: 117/600 (epoch 19), train_loss = 17622.957031250000, time/batch = 44.485308170319
2025-05-24 18:40:32,312:INFO: 118/600 (epoch 19), train_loss = 17191.740234375000, time/batch = 41.367075920105
2025-05-24 18:41:14,676:INFO: 119/600 (epoch 19), train_loss = 20094.617187500000, time/batch = 42.364330053329
2025-05-24 18:41:14,676:INFO: (epoch 19), loss = 19115.590
2025-05-24 18:41:14,676:INFO: Best epoch 0, Best loss 100
2025-05-24 18:41:14,676:INFO: Saving model
2025-05-24 18:41:59,189:INFO: 120/600 (epoch 20), train_loss = 14717.570312500000, time/batch = 44.489129781723
2025-05-24 18:42:40,334:INFO: 121/600 (epoch 20), train_loss = 16786.427734375000, time/batch = 41.144262075424
2025-05-24 18:43:22,660:INFO: 122/600 (epoch 20), train_loss = 16859.531250000000, time/batch = 42.324986934662
2025-05-24 18:44:06,649:INFO: 123/600 (epoch 20), train_loss = 19758.169921875000, time/batch = 43.989831209183
2025-05-24 18:44:49,769:INFO: 124/600 (epoch 20), train_loss = 16321.159179687500, time/batch = 43.118325233459
2025-05-24 18:45:34,427:INFO: 125/600 (epoch 20), train_loss = 14399.661132812500, time/batch = 44.658385992050
2025-05-24 18:45:34,427:INFO: (epoch 20), loss = 16473.753
2025-05-24 18:45:34,428:INFO: Best epoch 0, Best loss 100
2025-05-24 18:45:34,428:INFO: Saving model
2025-05-24 18:46:18,736:INFO: 126/600 (epoch 21), train_loss = 18128.779296875000, time/batch = 44.281358003616
2025-05-24 18:47:02,386:INFO: 127/600 (epoch 21), train_loss = 12790.406250000000, time/batch = 43.649837493896
2025-05-24 18:47:44,223:INFO: 128/600 (epoch 21), train_loss = 16012.651367187500, time/batch = 41.837726116180
2025-05-24 18:48:27,928:INFO: 129/600 (epoch 21), train_loss = 17816.392578125000, time/batch = 43.705011367798
2025-05-24 18:49:09,083:INFO: 130/600 (epoch 21), train_loss = 16020.956054687500, time/batch = 41.152603387833
2025-05-24 18:49:50,977:INFO: 131/600 (epoch 21), train_loss = 14160.691406250000, time/batch = 41.893762111664
2025-05-24 18:49:50,977:INFO: (epoch 21), loss = 15821.646
2025-05-24 18:49:50,977:INFO: Best epoch 0, Best loss 100
2025-05-24 18:49:50,977:INFO: Saving model
2025-05-24 18:50:34,824:INFO: 132/600 (epoch 22), train_loss = 15857.643554687500, time/batch = 43.820559501648
2025-05-24 18:51:17,977:INFO: 133/600 (epoch 22), train_loss = 16293.195312500000, time/batch = 43.152915716171
2025-05-24 18:51:59,333:INFO: 134/600 (epoch 22), train_loss = 19804.136718750000, time/batch = 41.355839252472
2025-05-24 18:52:45,340:INFO: 135/600 (epoch 22), train_loss = 18237.279296875000, time/batch = 46.006999969482
2025-05-24 18:53:26,354:INFO: 136/600 (epoch 22), train_loss = 15111.625976562500, time/batch = 41.013720273972
2025-05-24 18:54:07,705:INFO: 137/600 (epoch 22), train_loss = 21095.046875000000, time/batch = 41.349153041840
2025-05-24 18:54:07,706:INFO: (epoch 22), loss = 17733.155
2025-05-24 18:54:07,706:INFO: Best epoch 0, Best loss 100
2025-05-24 18:54:07,706:INFO: Saving model
2025-05-24 18:54:53,753:INFO: 138/600 (epoch 23), train_loss = 17872.607421875000, time/batch = 46.018045902252
2025-05-24 18:55:36,560:INFO: 139/600 (epoch 23), train_loss = 15058.582031250000, time/batch = 42.804858684540
2025-05-24 18:56:18,177:INFO: 140/600 (epoch 23), train_loss = 12484.676757812500, time/batch = 41.617582798004
2025-05-24 18:57:04,447:INFO: 141/600 (epoch 23), train_loss = 15239.172851562500, time/batch = 46.269467830658
2025-05-24 18:57:45,302:INFO: 142/600 (epoch 23), train_loss = 17534.015625000000, time/batch = 40.855561971664
2025-05-24 18:58:30,665:INFO: 143/600 (epoch 23), train_loss = 12875.390625000000, time/batch = 45.362103939056
2025-05-24 18:58:30,665:INFO: (epoch 23), loss = 15177.408
2025-05-24 18:58:30,665:INFO: Best epoch 0, Best loss 100
2025-05-24 18:58:30,665:INFO: Saving model
2025-05-24 18:59:17,507:INFO: 144/600 (epoch 24), train_loss = 18413.984375000000, time/batch = 46.817435741425
2025-05-24 18:59:59,181:INFO: 145/600 (epoch 24), train_loss = 14093.846679687500, time/batch = 41.673261880875
2025-05-24 19:00:47,355:INFO: 146/600 (epoch 24), train_loss = 18486.361328125000, time/batch = 48.174842596054
2025-05-24 19:01:34,961:INFO: 147/600 (epoch 24), train_loss = 15472.460937500000, time/batch = 47.604925632477
2025-05-24 19:02:16,710:INFO: 148/600 (epoch 24), train_loss = 20556.906250000000, time/batch = 41.748643875122
2025-05-24 19:02:59,519:INFO: 149/600 (epoch 24), train_loss = 16014.906250000000, time/batch = 42.808624267578
2025-05-24 19:02:59,520:INFO: (epoch 24), loss = 17173.078
2025-05-24 19:02:59,520:INFO: Best epoch 0, Best loss 100
2025-05-24 19:02:59,520:INFO: Saving model
2025-05-24 19:03:46,272:INFO: 150/600 (epoch 25), train_loss = 15950.129882812500, time/batch = 46.723166942596
2025-05-24 19:04:28,318:INFO: 151/600 (epoch 25), train_loss = 17826.476562500000, time/batch = 42.046486377716
2025-05-24 19:05:11,001:INFO: 152/600 (epoch 25), train_loss = 18723.244140625000, time/batch = 42.682883262634
2025-05-24 19:05:55,458:INFO: 153/600 (epoch 25), train_loss = 18293.392578125000, time/batch = 44.456985235214
2025-05-24 19:06:37,542:INFO: 154/600 (epoch 25), train_loss = 13046.017578125000, time/batch = 42.082920074463
2025-05-24 19:07:22,250:INFO: 155/600 (epoch 25), train_loss = 18621.156250000000, time/batch = 44.706901550293
2025-05-24 19:07:22,250:INFO: (epoch 25), loss = 17076.736
2025-05-24 19:07:22,250:INFO: Best epoch 0, Best loss 100
2025-05-24 19:07:22,250:INFO: Saving model
2025-05-24 19:08:07,473:INFO: 156/600 (epoch 26), train_loss = 15172.335937500000, time/batch = 45.195485353470
2025-05-24 19:08:49,464:INFO: 157/600 (epoch 26), train_loss = 17641.822265625000, time/batch = 41.991155147552
2025-05-24 19:09:32,391:INFO: 158/600 (epoch 26), train_loss = 11503.416992187500, time/batch = 42.926787376404
2025-05-24 19:10:19,135:INFO: 159/600 (epoch 26), train_loss = 17665.955078125000, time/batch = 46.743136167526
2025-05-24 19:11:03,621:INFO: 160/600 (epoch 26), train_loss = 15876.734375000000, time/batch = 44.486290931702
2025-05-24 19:11:50,514:INFO: 161/600 (epoch 26), train_loss = 18148.630859375000, time/batch = 46.892478466034
2025-05-24 19:11:50,516:INFO: (epoch 26), loss = 16001.483
2025-05-24 19:11:50,516:INFO: Best epoch 0, Best loss 100
2025-05-24 19:11:50,516:INFO: Saving model
2025-05-24 19:12:35,373:INFO: 162/600 (epoch 27), train_loss = 17576.146484375000, time/batch = 44.831430196762
2025-05-24 19:13:17,735:INFO: 163/600 (epoch 27), train_loss = 21490.666015625000, time/batch = 42.359653949738
2025-05-24 19:14:00,133:INFO: 164/600 (epoch 27), train_loss = 19199.330078125000, time/batch = 42.398096323013
2025-05-24 19:14:46,557:INFO: 165/600 (epoch 27), train_loss = 18429.218750000000, time/batch = 46.423837661743
2025-05-24 19:40:51,771:INFO: Training begin
2025-05-24 20:07:09,222:INFO: Training begin
2025-05-24 20:10:41,855:INFO: Training begin
2025-05-24 20:15:28,476:INFO: Training begin
2025-05-24 20:23:39,047:INFO: Training begin
2025-05-24 20:28:04,494:INFO: Training begin
2025-05-24 20:34:49,081:INFO: Training begin
2025-05-24 20:35:52,201:INFO: Training begin
2025-05-24 20:36:45,467:INFO: 0/600 (epoch 0), train_loss = 14629.953125000000, time/batch = 53.265717983246
2025-05-24 20:37:40,864:INFO: 1/600 (epoch 0), train_loss = 17279.767578125000, time/batch = 55.396459579468
2025-05-24 20:38:37,278:INFO: 2/600 (epoch 0), train_loss = 13856.157226562500, time/batch = 56.407843351364
2025-05-24 20:39:30,937:INFO: 3/600 (epoch 0), train_loss = 14870.895507812500, time/batch = 53.659251213074
2025-05-24 20:40:24,611:INFO: 4/600 (epoch 0), train_loss = 14385.387695312500, time/batch = 53.673039197922
2025-05-24 20:41:31,584:INFO: 5/600 (epoch 0), train_loss = 14420.051757812500, time/batch = 66.972023248672
2025-05-24 20:41:31,585:INFO: (epoch 0), loss = 14907.035
2025-05-24 20:41:31,585:INFO: Best epoch 0, Best loss 100
2025-05-24 20:41:31,586:INFO: Saving model
2025-05-24 20:42:33,521:INFO: 6/600 (epoch 1), train_loss = 12342.641601562500, time/batch = 61.887401819229
2025-05-24 20:43:21,977:INFO: 7/600 (epoch 1), train_loss = 15032.327148437500, time/batch = 48.455020427704
2025-05-24 20:44:14,912:INFO: 8/600 (epoch 1), train_loss = 16681.316406250000, time/batch = 52.934623003006
2025-05-24 20:45:05,815:INFO: 9/600 (epoch 1), train_loss = 12368.081054687500, time/batch = 50.902433872223
2025-05-24 20:45:57,366:INFO: 10/600 (epoch 1), train_loss = 11476.642578125000, time/batch = 51.550981283188
2025-05-24 20:46:56,537:INFO: 11/600 (epoch 1), train_loss = 17568.730468750000, time/batch = 59.170892477036
2025-05-24 20:46:56,537:INFO: (epoch 1), loss = 14244.957
2025-05-24 20:46:56,537:INFO: Best epoch 0, Best loss 100
2025-05-24 20:46:56,538:INFO: Saving model
2025-05-24 20:47:46,412:INFO: 12/600 (epoch 2), train_loss = 12956.524414062500, time/batch = 49.840232372284
2025-05-24 20:48:33,645:INFO: 13/600 (epoch 2), train_loss = 16179.134765625000, time/batch = 47.232304096222
2025-05-24 20:49:23,562:INFO: 14/600 (epoch 2), train_loss = 18385.470703125000, time/batch = 49.917257785797
2025-05-24 20:50:10,321:INFO: 15/600 (epoch 2), train_loss = 16226.469726562500, time/batch = 46.758954286575
2025-05-24 20:50:57,815:INFO: 16/600 (epoch 2), train_loss = 17266.414062500000, time/batch = 47.493218183517
2025-05-24 20:51:48,572:INFO: 17/600 (epoch 2), train_loss = 15654.706054687500, time/batch = 50.756216287613
2025-05-24 20:51:48,572:INFO: (epoch 2), loss = 16111.453
2025-05-24 20:51:48,572:INFO: Best epoch 0, Best loss 100
2025-05-24 20:51:48,572:INFO: Saving model
2025-05-24 20:52:35,385:INFO: 18/600 (epoch 3), train_loss = 11661.014648437500, time/batch = 46.776468276978
2025-05-24 20:53:25,350:INFO: 19/600 (epoch 3), train_loss = 13345.465820312500, time/batch = 49.965289115906
2025-05-24 20:54:15,726:INFO: 20/600 (epoch 3), train_loss = 15718.803710937500, time/batch = 50.376485824585
2025-05-24 20:55:03,009:INFO: 21/600 (epoch 3), train_loss = 16485.990234375000, time/batch = 47.282164812088
2025-05-24 20:55:51,527:INFO: 22/600 (epoch 3), train_loss = 11793.871093750000, time/batch = 48.516909122467
2025-05-24 20:56:44,444:INFO: 23/600 (epoch 3), train_loss = 14687.536132812500, time/batch = 52.917387247086
2025-05-24 20:56:44,444:INFO: (epoch 3), loss = 13948.780
2025-05-24 20:56:44,444:INFO: Best epoch 0, Best loss 100
2025-05-24 20:56:44,444:INFO: Saving model
2025-05-24 20:57:31,308:INFO: 24/600 (epoch 4), train_loss = 15902.199218750000, time/batch = 46.830744028091
2025-05-24 20:58:20,148:INFO: 25/600 (epoch 4), train_loss = 11578.470703125000, time/batch = 48.839157342911
